Job Title,Company Name,Location,Type of ownership,Industry,Sector,Min Salary($),Max Salary($),Average Salary,Min Qualification,Python,R,SQL,C/C++/C#
Sr Data Scientist,Healthfirst,New York,Nonprofit Organization,Insurance Carriers,Insurance,137000,171000,154000,Bachelors,,,,
Data Scientist,ManTech,Chantilly,Company - Public,Research & Development,Business Services,137000,171000,154000,Bachelors,,,True,
Data Scientist,Analysis Group,Boston,Private Practice / Firm,Consulting,Business Services,137000,171000,154000,Phd,True,True,,True
Data Scientist,INFICON,Newton,Company - Public,Electrical & Electronic Manufacturing,Manufacturing,137000,171000,154000,Bachelors,True,,True,
Data Scientist,Affinity Solutions,New York,Company - Private,Advertising & Marketing,Business Services,137000,171000,154000,Masters,True,True,True,
Data Scientist,HG Insights,Santa Barbara,Company - Private,Computer Hardware & Software,Information Technology,137000,171000,154000,Bachelors,True,,,
Data Scientist / Machine Learning Expert,Novartis,Cambridge,Company - Public,Biotech & Pharmaceuticals,Biotech & Pharmaceuticals,137000,171000,154000,Masters,True,True,,True
Data Scientist,iRobot,Bedford,Company - Public,Consumer Electronics & Appliances Stores,Retail,137000,171000,154000,Masters,True,,True,
Staff Data Scientist - Analytics,Intuit - Data,San Diego,Company - Public,Computer Hardware & Software,Information Technology,137000,171000,154000,,,,,
Data Scientist,XSELL Technologies,Chicago,Company - Private,Enterprise Software & Network Solutions,Information Technology,137000,171000,154000,Masters,True,,True,
Data Scientist,Novetta,Herndon,Company - Private,Enterprise Software & Network Solutions,Information Technology,137000,171000,154000,,True,True,,
Data Scientist,1904labs,Saint Louis,Company - Private,IT Services,Information Technology,137000,171000,154000,,True,True,True,
"Data Scientist - Statistics, Early Career",PNNL,Richland,Government,Energy,"Oil, Gas, Energy & Utilities",137000,171000,154000,Bachelors,,,,
Data Modeler,Old World Industries,Northbrook,Company - Private,Chemical Manufacturing,Manufacturing,137000,171000,154000,Bachelors,True,,True,
Data Scientist,Mathematica Policy Research,Washington,Company - Private,Consulting,Business Services,137000,171000,154000,Masters,True,True,,
Experienced Data Scientist,Guzman & Griffin Technologies (GGTI),Washington,Company - Private,Federal Agencies,Government,137000,171000,154000,Masters,True,True,True,True
Data Scientist - Contract,Upside Business Travel,Remote,Company - Private,Internet,Information Technology,137000,171000,154000,,True,,,
Data Scientist,Buckman,Memphis,Company - Private,Chemical Manufacturing,Manufacturing,137000,171000,154000,Bachelors,True,True,True,True
Data Analyst II,"Insight Enterprises, Inc.",Plano,Company - Public,Enterprise Software & Network Solutions,Information Technology,137000,171000,154000,Masters,,,,
Medical Lab Scientist,Tower Health,West Grove,Nonprofit Organization,Health Care Services & Hospitals,Health Care,137000,171000,154000,Bachelors,,,,
Data Scientist,Triplebyte,New York,Company - Private,Computer Hardware & Software,Information Technology,137000,171000,154000,,,,,
Data Scientist/Machine Learning,PulsePoint,New York,Company - Private,Internet,Information Technology,137000,171000,154000,Bachelors,True,,,
Human Factors Scientist,Exponent,Phoenix,Company - Public,Consulting,Business Services,137000,171000,154000,Phd,,,,
Business Intelligence Analyst I- Data Insights,Guardian Life,Appleton,Company - Private,Insurance Carriers,Insurance,137000,171000,154000,,,,,
Data Scientist,Spectrum Communications and Consulting,Chicago,Company - Private,Advertising & Marketing,Business Services,137000,171000,154000,Bachelors,,True,True,
Data Scientist,Oversight Systems,Atlanta,Company - Private,Computer Hardware & Software,Information Technology,137000,171000,154000,,True,True,True,
Data Scientist - Risk,LSQ,Orlando,Company - Private,Investment Banking & Asset Management,Finance,137000,171000,154000,Bachelors,True,True,,
Data Scientist-Human Resources,MIT Lincoln Laboratory,Lexington,Nonprofit Organization,Aerospace & Defense,Aerospace & Defense,137000,171000,154000,Bachelors,True,True,True,
Data Scientist,Kingfisher Systems,McLean,Company - Private,Federal Agencies,Government,137000,171000,154000,Bachelors,True,True,,True
Data Scientist,Formation,San Francisco,Company - Private,Enterprise Software & Network Solutions,Information Technology,137000,171000,154000,Masters,,,,
Data Scientist,Analysis Group,Boston,Private Practice / Firm,Consulting,Business Services,75000,131000,103000,Phd,True,True,,True
Data Scientist / Machine Learning Expert,Novartis,Cambridge,Company - Public,Biotech & Pharmaceuticals,Biotech & Pharmaceuticals,75000,131000,103000,Masters,True,True,,True
Data Scientist,Cohere Health,Boston,Company - Private,IT Services,Information Technology,75000,131000,103000,Masters,True,True,True,
Senior Research Statistician- Data Scientist,Acuity Insurance,Sheboygan,Company - Private,Insurance Carriers,Insurance,75000,131000,103000,Masters,,True,,True
Data Engineer,Chef,United States,Company - Private,Enterprise Software & Network Solutions,Information Technology,75000,131000,103000,Bachelors,,,,True
Associate Data Scientist,Puget Sound Energy,Bothell,Company - Private,Utilities,"Oil, Gas, Energy & Utilities",75000,131000,103000,Bachelors,,,True,
Business Intelligence Analyst,Sandhills Global,Lincoln,Company - Private,Enterprise Software & Network Solutions,Information Technology,75000,131000,103000,,True,True,True,
Data Scientist,A Place for Mom,Overland Park,Company - Private,Health Care Services & Hospitals,Health Care,75000,131000,103000,Bachelors,True,True,True,
Data Scientist,Great-Circle Technologies,Chantilly,Company - Private,Enterprise Software & Network Solutions,Information Technology,75000,131000,103000,Bachelors,True,True,,True
Senior Analyst/Data Scientist,Edmunds.com,Santa Monica,Company - Private,Internet,Information Technology,75000,131000,103000,Bachelors,True,True,True,
Data Analyst,"Cambridge Associates, LLC",Boston,Company - Private,Investment Banking & Asset Management,Finance,75000,131000,103000,Bachelors,True,True,True,
Machine Learning Engineer,Liberty Mutual Insurance,Portsmouth,Company - Private,Insurance Carriers,Insurance,75000,131000,103000,Bachelors,True,True,,
Data Analyst I,Cenlar,Ewing,Company - Private,-1,-1,75000,131000,103000,Bachelors,,,True,
Scientist - Molecular Biology,Arsenal Biosciences,South San Francisco,Company - Private,Biotech & Pharmaceuticals,Biotech & Pharmaceuticals,75000,131000,103000,Phd,,,,
Data Scientist,Eversight,Palo Alto,Company - Private,Enterprise Software & Network Solutions,Information Technology,75000,131000,103000,Masters,True,,,
"Computational Scientist, Machine Learning",Pfizer,Cambridge,Company - Public,Biotech & Pharmaceuticals,Biotech & Pharmaceuticals,75000,131000,103000,Phd,True,,,
Senior Data Scientist,Klaviyo,Boston,Company - Private,Computer Hardware & Software,Information Technology,75000,131000,103000,Bachelors,,,,
Data Scientist,Intellectual Ventures,Bellevue,Company - Private,Investment Banking & Asset Management,Finance,75000,131000,103000,,True,True,,True
Data Scientist,GovTech,San Francisco,Government,Federal Agencies,Government,75000,131000,103000,Bachelors,True,True,,
Data Scientist,Quick Base,Cambridge,Company - Private,Enterprise Software & Network Solutions,Information Technology,75000,131000,103000,Masters,True,,True,True
Data Analyst,Giving Assistant,San Francisco,Company - Private,Advertising & Marketing,Business Services,75000,131000,103000,Bachelors,True,True,True,
Data Scientist,Takeda,Cambridge,Company - Public,Biotech & Pharmaceuticals,Biotech & Pharmaceuticals,75000,131000,103000,Masters,True,True,True,
Data Scientist,Netskope,San Francisco,Company - Private,Enterprise Software & Network Solutions,Information Technology,75000,131000,103000,Phd,True,True,,
Jr. Data Engineer,IT Concepts,Remote,Company - Private,IT Services,Information Technology,75000,131000,103000,Bachelors,,,True,
E-Commerce Data Analyst,iSeatz,New Orleans,Company - Private,Enterprise Software & Network Solutions,Information Technology,75000,131000,103000,Bachelors,,,True,
Data Analytics Engineer,Summa Health System,Akron,Nonprofit Organization,Health Care Services & Hospitals,Health Care,75000,131000,103000,Bachelors,,,,
Senior Data Scientist,Benson Hill,Saint Louis,Company - Private,Biotech & Pharmaceuticals,Biotech & Pharmaceuticals,75000,131000,103000,Bachelors,True,True,,
Product Data Scientist - Ads Data Science,Twitter,San Francisco,Company - Public,Internet,Information Technology,75000,131000,103000,Masters,True,True,,True
Data Scientist,Postmates - Corporate HQ,San Francisco,Company - Private,Express Delivery Services,Transportation & Logistics,75000,131000,103000,Bachelors,True,True,True,
Data Scientist - Intermediate,Envision LLC,Saint Louis,Company - Private,Staffing & Outsourcing,Business Services,75000,131000,103000,Masters,True,,,
Data Analyst,Swiss Re,Fort Wayne,Company - Public,Insurance Agencies & Brokerages,Insurance,75000,131000,103000,Bachelors,True,True,True,
Machine Learning Engineer,Systems & Technology Research,Woburn,Company - Private,Aerospace & Defense,Aerospace & Defense,75000,131000,103000,Bachelors,True,,,True
Data Scientist,iRobot,Bedford,Company - Public,Consumer Electronics & Appliances Stores,Retail,79000,131000,105000,Masters,True,,True,
Data Scientist,HG Insights,Santa Barbara,Company - Private,Computer Hardware & Software,Information Technology,79000,131000,105000,Bachelors,True,,,
Global Data Analyst,Dermalogica,Carson,Subsidiary or Business Segment,Consumer Products Manufacturing,Manufacturing,79000,131000,105000,Bachelors,,,True,
Data Engineer,Bayview Asset Management,Coral Gables,Company - Private,Investment Banking & Asset Management,Finance,79000,131000,105000,Masters,True,True,True,True
Data Scientist,Via Transportation,New York,Company - Private,Internet,Information Technology,79000,131000,105000,Phd,True,True,True,
Data Scientist,Grid Dynamics,Santa Clara,Company - Private,Enterprise Software & Network Solutions,Information Technology,79000,131000,105000,,True,True,True,
Data & Machine Learning Scientist,Tempus Labs,Chicago,Company - Private,Biotech & Pharmaceuticals,Biotech & Pharmaceuticals,79000,131000,105000,Masters,True,,True,
Data Scientist - Machine Learning,CareDx,Brisbane,Company - Private,Biotech & Pharmaceuticals,Biotech & Pharmaceuticals,79000,131000,105000,Phd,True,True,,
Data Engineer (Remote),IZEA,Winter Park,Company - Public,Advertising & Marketing,Business Services,79000,131000,105000,,True,,,
"Data Scientist, Applied Machine Learning - Bay Area",Tempus Labs,Redwood City,Company - Private,Biotech & Pharmaceuticals,Biotech & Pharmaceuticals,79000,131000,105000,,True,,True,
Principal Data Scientist,Autodesk,San Francisco,Company - Public,Computer Hardware & Software,Information Technology,79000,131000,105000,,True,True,,
Business Data Analyst,Caterpillar,Peoria,Company - Public,Industrial Manufacturing,Manufacturing,79000,131000,105000,Bachelors,,,True,
Purification Scientist,New England Biolabs,Ipswich,Company - Private,Biotech & Pharmaceuticals,Biotech & Pharmaceuticals,79000,131000,105000,Bachelors,,,,
Data Analyst,Allied Solutions,Carmel,Subsidiary or Business Segment,Insurance Agencies & Brokerages,Insurance,79000,131000,105000,Bachelors,True,True,True,
"Data Engineer, Enterprise Analytics",Healthfirst,New York,Nonprofit Organization,Insurance Carriers,Insurance,79000,131000,105000,Bachelors,True,,True,
Data Scientist,The Knot Worldwide,Washington,Company - Private,Internet,Information Technology,79000,131000,105000,Masters,True,True,,
Data Scientist,IFG Companies,New York,Company - Private,Insurance Carriers,Insurance,79000,131000,105000,Bachelors,True,True,True,
Data Scientist 3 (718),Amyris,Emeryville,Company - Public,Biotech & Pharmaceuticals,Biotech & Pharmaceuticals,79000,131000,105000,Masters,True,True,,
"Real World Science, Data Scientist",AstraZeneca,Gaithersburg,Company - Public,Biotech & Pharmaceuticals,Biotech & Pharmaceuticals,79000,131000,105000,Masters,True,True,True,
Data Scientist,Powertek,Washington,Company - Private,IT Services,Information Technology,79000,131000,105000,,,,,
Data Engineer,Object Partners,Saint Louis,Company - Private,Consulting,Business Services,79000,131000,105000,,,,True,
Data Scientist - Image and Video Analytics,The Mom Project,Longmont,Company - Private,Staffing & Outsourcing,Business Services,79000,131000,105000,Bachelors,True,,,
Data Scientist,Lightspeed Systems,Austin,Company - Private,Computer Hardware & Software,Information Technology,79000,131000,105000,Bachelors,True,,True,
"Data Science Manager, Payment Acceptance - USA",Stripe,San Francisco,Company - Private,Internet,Information Technology,79000,131000,105000,Masters,True,True,True,
Data Analyst,Comprehensive Healthcare,Yakima,Nonprofit Organization,Health Care Services & Hospitals,Health Care,79000,131000,105000,Bachelors,,,,
Data Scientist / Applied Mathematician,"Fullpower Technologies, Inc.",Santa Cruz,Company - Private,Computer Hardware & Software,Information Technology,79000,131000,105000,Bachelors,True,,True,
Machine Learning Engineer,Klaviyo,Boston,Company - Private,Computer Hardware & Software,Information Technology,79000,131000,105000,Bachelors,True,,,
Data Scientist,Mars,United States,Company - Private,Food & Beverage Manufacturing,Manufacturing,79000,131000,105000,Bachelors,True,,,
Patient Safety- Associate Data Scientist,AstraZeneca,Gaithersburg,Company - Public,Biotech & Pharmaceuticals,Biotech & Pharmaceuticals,79000,131000,105000,,True,True,True,
Machine Learning Engineer,NuWave Solutions,Springfield,Company - Private,IT Services,Information Technology,79000,131000,105000,Bachelors,True,True,True,
Senior Data Scientist,ManTech,Alexandria,Company - Public,Research & Development,Business Services,79000,131000,105000,Bachelors,True,True,True,
(Sr.) Data Scientist -,Merrick Bank,Utah,Company - Private,Banks & Credit Unions,Finance,79000,131000,105000,Bachelors,True,True,True,True
Data Scientist,Mathematica Policy Research,Washington,Company - Private,Consulting,Business Services,99000,132000,115500,Masters,True,True,,
Staff Data Scientist - Analytics,Intuit - Data,San Diego,Company - Public,Computer Hardware & Software,Information Technology,99000,132000,115500,,,,,
Data Analytics Engineer,QOMPLX,Reston,Company - Private,Enterprise Software & Network Solutions,Information Technology,99000,132000,115500,Bachelors,True,True,True,True
"Data Scientist, Kinship - NYC/Portland",Mars,New York,Company - Private,Food & Beverage Manufacturing,Manufacturing,99000,132000,115500,Bachelors,True,,,
Senior Data Scientist,GutCheck,Denver,Company - Private,Advertising & Marketing,Business Services,99000,132000,115500,,,,,
Applied Technology Researcher / Data Scientist,Inter-American Development Bank,Washington,Other Organization,Banks & Credit Unions,Finance,99000,132000,115500,Masters,,True,,True
Data Scientist,Avlino,New Jersey,Company - Private,Enterprise Software & Network Solutions,Information Technology,99000,132000,115500,Masters,True,True,,True
Machine Learning Engineer,Stratagem Group,Aurora,Company - Private,Aerospace & Defense,Aerospace & Defense,99000,132000,115500,,True,,,True
Health Data Scientist - Biomedical/Biostats,Evidation,Santa Barbara,Company - Private,Internet,Information Technology,99000,132000,115500,Masters,True,True,,
Senior Data Scientist,Autodesk,San Francisco,Company - Public,Computer Hardware & Software,Information Technology,99000,132000,115500,Bachelors,True,True,True,
Staff Data Scientist,Intuit - Data,San Diego,Company - Public,Computer Hardware & Software,Information Technology,99000,132000,115500,,,,,
Data Scientist,Tecolote Research,Hill AFB,Company - Private,Aerospace & Defense,Aerospace & Defense,99000,132000,115500,Bachelors,True,True,True,
Sr Data Engineer (Sr BI Developer),Tivity Health,Chandler,Company - Public,Health Care Services & Hospitals,Health Care,99000,132000,115500,Bachelors,,,True,
Data Engineer,hc1,Indianapolis,Company - Private,Biotech & Pharmaceuticals,Biotech & Pharmaceuticals,99000,132000,115500,,True,,,
Lead Data Scientist,HP Inc.,San Diego,Company - Public,Computer Hardware & Software,Information Technology,99000,132000,115500,,True,True,,True
Data Scientist,SAIC,Chantilly,Company - Public,Enterprise Software & Network Solutions,Information Technology,99000,132000,115500,Bachelors,True,,,True
RFP Data Analyst,AllianceBernstein,Nashville,Company - Public,Investment Banking & Asset Management,Finance,99000,132000,115500,,,,,
Data Analyst,Big Huge Games,Timonium,Subsidiary or Business Segment,Video Games,Media,99000,132000,115500,Bachelors,,,True,
Data Scientist (TS/SCI),Maxar Technologies,Herndon,Company - Public,Aerospace & Defense,Aerospace & Defense,99000,132000,115500,Bachelors,True,True,True,True
Data Engineer,Phantom AI,Burlingame,Company - Private,Computer Hardware & Software,Information Technology,99000,132000,115500,Masters,True,,,
Data Scientist,Noblis,Reston,Nonprofit Organization,Consulting,Business Services,99000,132000,115500,Bachelors,True,,True,
Data Scientist,Spring Health,New York,Company - Private,Health Care Services & Hospitals,Health Care,99000,132000,115500,Bachelors,True,True,True,
Software Engineer - Data Science,ClearEdge,Annapolis Junction,Company - Private,Computer Hardware & Software,Information Technology,99000,132000,115500,Bachelors,True,True,,
Data Analyst/Engineer,AllianceBernstein,Nashville,Company - Public,Investment Banking & Asset Management,Finance,99000,132000,115500,Bachelors,True,,True,
NGS Scientist,Arsenal Biosciences,South San Francisco,Company - Private,Biotech & Pharmaceuticals,Biotech & Pharmaceuticals,99000,132000,115500,Masters,,,,
Data Engineer,GetWellNetwork,Bethesda,Company - Private,Health Care Services & Hospitals,Health Care,99000,132000,115500,,True,True,True,
Data Scientist,TACG Solutions,Dayton,Company - Private,Consulting,Business Services,99000,132000,115500,Bachelors,True,True,True,
Senior Data Engineer,Scoop,San Francisco,Company - Private,Internet,Information Technology,99000,132000,115500,,True,,,
Senior Data Scientist,Novetta,Herndon,Company - Private,Enterprise Software & Network Solutions,Information Technology,99000,132000,115500,,True,True,,
Data Engineer,IZEA,Winter Park,Company - Public,Advertising & Marketing,Business Services,99000,132000,115500,,True,,,
Business Intelligence Analyst,Montway Inc,Schaumburg,Company - Private,Shipping,Transportation & Logistics,99000,132000,115500,,True,True,True,
Sr. ML/Data Scientist - AI/NLP/Chatbot,Juniper Networks,Cupertino,Company - Public,Telecommunications Services,Telecommunications,99000,132000,115500,Masters,True,,,
Data Scientist,1904labs,Saint Louis,Company - Private,IT Services,Information Technology,90000,109000,99500,,True,True,True,
Data Scientist,XSELL Technologies,Chicago,Company - Private,Enterprise Software & Network Solutions,Information Technology,90000,109000,99500,Masters,True,,True,
Data Engineer,IZEA,Winter Park,Company - Public,Advertising & Marketing,Business Services,90000,109000,99500,,True,,,
Sr. ML/Data Scientist - AI/NLP/Chatbot,Juniper Networks,Cupertino,Company - Public,Telecommunications Services,Telecommunications,90000,109000,99500,Masters,True,,,
Data Scientist,Notion Labs,San Francisco,Company - Private,Enterprise Software & Network Solutions,Information Technology,90000,109000,99500,,,,True,
Senior Data Engineer,Lendio,Lehi,Company - Private,Lending,Finance,90000,109000,99500,,True,,True,
Data Engineer,Direct Agents,Culver City,Company - Private,Advertising & Marketing,Business Services,90000,109000,99500,Bachelors,True,,True,
Data Scientist,NAVEX Global,Lake Oswego,Company - Private,Computer Hardware & Software,Information Technology,90000,109000,99500,,True,True,True,
Machine Learning Engineer,Triplebyte,Remote,Company - Private,Computer Hardware & Software,Information Technology,90000,109000,99500,,,,,
Data Scientist,Upstart,San Mateo,Company - Private,Lending,Finance,90000,109000,99500,Masters,True,True,,
Data Analyst,Envision LLC,San Francisco,Company - Private,Staffing & Outsourcing,Business Services,90000,109000,99500,Bachelors,True,,,
Data Engineer,AppLovin,Palo Alto,Company - Private,Video Games,Media,90000,109000,99500,Bachelors,,,,
Data Integration and Modeling Engineer,ISO New England,Holyoke,Nonprofit Organization,Utilities,"Oil, Gas, Energy & Utilities",90000,109000,99500,Bachelors,,,True,
Tableau Data Engineer 20-0117,Relativity,Chicago,Company - Private,Enterprise Software & Network Solutions,Information Technology,90000,109000,99500,Bachelors,,,True,
Senior Data Scientist,Tempo Automation,San Francisco,Company - Private,Electrical & Electronic Manufacturing,Manufacturing,90000,109000,99500,Bachelors,True,True,True,
AI Data Scientist,MITRE,McLean,Nonprofit Organization,Federal Agencies,Government,90000,109000,99500,,True,True,,
Machine Learning Engineer,"Expedition Technology, Inc.",Herndon,Company - Private,Aerospace & Defense,Aerospace & Defense,90000,109000,99500,Bachelors,True,,,True
Research Scientist Patient Preferences (Remote),Evidera,Bethesda,Subsidiary or Business Segment,Biotech & Pharmaceuticals,Biotech & Pharmaceuticals,90000,109000,99500,Masters,,,,
Data Scientist,Plymouth Rock Assurance,Woodbridge,Company - Private,Insurance Carriers,Insurance,90000,109000,99500,Masters,,True,True,
Scientist - Biomarker and Flow Cytometry,Crown Bioscience,San Diego,Company - Private,Biotech & Pharmaceuticals,Biotech & Pharmaceuticals,90000,109000,99500,Phd,,,,
Data Scientist,GNS Healthcare,Cambridge,Company - Private,Biotech & Pharmaceuticals,Biotech & Pharmaceuticals,90000,109000,99500,Bachelors,,True,True,
Analytics Manager,OneMagnify,Dearborn,Company - Private,Advertising & Marketing,Business Services,90000,109000,99500,Bachelors,,,True,
Data Scientist,SPECTRUM,Maryland Heights,Subsidiary or Business Segment,"Cable, Internet & Telephone Providers",Telecommunications,90000,109000,99500,Masters,True,True,True,
Staff Scientist- Upstream PD,Advanced BioScience Laboratories,Rockville,Company - Private,Biotech & Pharmaceuticals,Biotech & Pharmaceuticals,90000,109000,99500,,,True,,
Data Engineer,Procore Technologies,Carpinteria,Company - Private,Computer Hardware & Software,Information Technology,90000,109000,99500,Bachelors,True,,True,
Sr Scientist - Extractables & Leachables,Ritedose,Columbia,Company - Private,Biotech & Pharmaceuticals,Biotech & Pharmaceuticals,90000,109000,99500,Bachelors,,,,
ELISA RESEARCH SCIENTIST (CV-15),Covid-19 Search Partners,Hauppauge,-1,-1,-1,90000,109000,99500,Phd,,,,
Sr Data Scientist,bioMérieux,Saint Louis,Company - Private,Biotech & Pharmaceuticals,Biotech & Pharmaceuticals,90000,109000,99500,Masters,True,,,
Data Scientist,Novetta,Herndon,Company - Private,Enterprise Software & Network Solutions,Information Technology,101000,165000,133000,,True,True,,
Experienced Data Scientist,Guzman & Griffin Technologies (GGTI),Washington,Company - Private,Federal Agencies,Government,101000,165000,133000,Masters,True,True,True,True
Machine Learning Engineer,Radical Convergence,Reston,-1,-1,-1,101000,165000,133000,Masters,True,True,,True
Data Scientist,Leidos,Fort Meade,Company - Public,Aerospace & Defense,Aerospace & Defense,101000,165000,133000,Masters,,,,
Data Scientist,Demandbase,San Francisco,Company - Private,Computer Hardware & Software,Information Technology,101000,165000,133000,,True,,True,
Say Business Data Analyst,Shelter Insurance,Columbia,Company - Private,Insurance Carriers,Insurance,101000,165000,133000,,True,True,True,
Geospatial Data Scientist,Maxar Technologies,Chantilly,Company - Public,Aerospace & Defense,Aerospace & Defense,101000,165000,133000,Bachelors,,,,
Data Analyst,USAC,Washington,Nonprofit Organization,Telecommunications Services,Telecommunications,101000,165000,133000,Bachelors,True,True,True,
Computational Scientist,General Dynamics Information Technology,Vicksburg,Subsidiary or Business Segment,IT Services,Information Technology,101000,165000,133000,Bachelors,,,,
Data Scientist,Offerpad,Chandler,Company - Private,Real Estate,Real Estate,101000,165000,133000,Bachelors,True,True,True,
Senior Data Analyst,Autodesk,San Francisco,Company - Public,Computer Hardware & Software,Information Technology,101000,165000,133000,,True,True,True,
Senior Data Analyst,Autodesk,San Francisco,Company - Public,Research & Development,Business Services,101000,165000,133000,Masters,True,True,True,
Data Engineer,Magna International Inc.,Birmingham,Company - Public,-1,-1,101000,165000,133000,Bachelors,True,,True,True
Sr Data Analyst,United BioSource,Blue Bell,Other Organization,Biotech & Pharmaceuticals,Biotech & Pharmaceuticals,101000,165000,133000,Bachelors,,True,True,
Data Scientist,Kelly,Chicago,Company - Public,Staffing & Outsourcing,Business Services,101000,165000,133000,Bachelors,,,,
"Machine Learning Scientist - Bay Area, CA",Tempus Labs,Redwood City,Company - Private,Biotech & Pharmaceuticals,Biotech & Pharmaceuticals,101000,165000,133000,Masters,True,,True,
Data Scientist,C3.ai,Redwood City,Company - Private,Enterprise Software & Network Solutions,Information Technology,101000,165000,133000,Masters,True,True,,
Senior Data Scientist - Algorithms,Quartet Health,New York,Company - Private,Enterprise Software & Network Solutions,Information Technology,101000,165000,133000,Masters,True,,,
Data Analyst,Midland Credit Management,San Diego,Subsidiary or Business Segment,Banks & Credit Unions,Finance,101000,165000,133000,Bachelors,True,,True,
Senior Data & Machine Learning Scientist,Tempus Labs,Chicago,Company - Private,Biotech & Pharmaceuticals,Biotech & Pharmaceuticals,101000,165000,133000,Masters,True,,True,
Data Engineer,Resurgent Capital Services,Cincinnati,Company - Private,Venture Capital & Private Equity,Finance,101000,165000,133000,,True,True,True,True
"Data Scientist - Statistics, Early Career",PNNL,Richland,Government,Energy,"Oil, Gas, Energy & Utilities",56000,97000,76500,Bachelors,,,,
Data Scientist,Buckman,Memphis,Company - Private,Chemical Manufacturing,Manufacturing,56000,97000,76500,Bachelors,True,True,True,True
Machine Learning Engineer,Buckman,Memphis,Nonprofit Organization,Federal Agencies,Government,56000,97000,76500,Bachelors,True,,,
Research Scientist - Patient-Centered Research (Remote),Evidera,Bethesda,Subsidiary or Business Segment,Biotech & Pharmaceuticals,Biotech & Pharmaceuticals,56000,97000,76500,Masters,,,,
Jr. Business Data Analyst (position added 6/12/2020),webfx.com,Harrisburg,Company - Private,Advertising & Marketing,Business Services,56000,97000,76500,Bachelors,,,,
Sr. Data Scientist II,Argo Group US,New York,Company - Public,Insurance Carriers,Insurance,56000,97000,76500,,True,True,True,
Data Scientist,BWX Technologies,Oak Ridge,Company - Public,Aerospace & Defense,Aerospace & Defense,56000,97000,76500,Bachelors,True,True,,True
Senior Data Analyst,Life360,San Francisco,Company - Public,Internet,Information Technology,56000,97000,76500,,True,True,True,
Lead Data Scientist,MassMutual,Boston,Company - Private,Insurance Carriers,Insurance,56000,97000,76500,Masters,True,True,True,
Production Engineer - Statistics/Data Analysis,Natera,San Carlos,Company - Public,Biotech & Pharmaceuticals,Biotech & Pharmaceuticals,56000,97000,76500,Bachelors,True,True,,
Statistical Scientist,Genentech,South San Francisco,Subsidiary or Business Segment,Biotech & Pharmaceuticals,Biotech & Pharmaceuticals,56000,97000,76500,Phd,True,True,,
Computational Behavioral Scientist,Ntrepid,Herndon,Company - Private,IT Services,Information Technology,56000,97000,76500,Masters,True,True,,True
Principal Data Scientist - Machine Learning,Constant Contact,Waltham,Subsidiary or Business Segment,Advertising & Marketing,Business Services,56000,97000,76500,Masters,True,True,,
Principal Machine Learning Scientist,Sage Intacct,San Francisco,Subsidiary or Business Segment,Computer Hardware & Software,Information Technology,56000,97000,76500,Masters,True,,True,
Data Engineer,Shape Security,Santa Clara,Company - Private,IT Services,Information Technology,56000,97000,76500,,True,,,
Principal Data Scientist,AstraZeneca,Gaithersburg,Company - Public,Biotech & Pharmaceuticals,Biotech & Pharmaceuticals,56000,97000,76500,Phd,True,True,,
Data Scientist,SkillSoniq,San Francisco,Company - Public,-1,-1,56000,97000,76500,,True,,True,
Senior Data Scientist - R&D Oncology,AstraZeneca,New York,Company - Public,Biotech & Pharmaceuticals,Biotech & Pharmaceuticals,56000,97000,76500,Phd,True,True,,
Data Scientist,Joby Aviation,San Carlos,Company - Private,-1,-1,56000,97000,76500,,True,,True,
"Health Plan Data Analyst, Sr",Cook Children's Health Care System,Fort Worth,Nonprofit Organization,Health Care Services & Hospitals,Health Care,56000,97000,76500,Bachelors,,,,
"Principal Scientist/Associate Director, Quality Control and Analytical Technologies",Rubius Therapeutics,Smithfield,Company - Public,Biotech & Pharmaceuticals,Biotech & Pharmaceuticals,56000,97000,76500,Bachelors,,,,
Analytics - Business Assurance Data Analyst,GreatAmerica Financial Services,Cedar Rapids,Company - Private,Lending,Finance,56000,97000,76500,Bachelors,,,True,
Data Scientist - Contract,Upside Business Travel,Remote,Company - Private,Internet,Information Technology,79000,106000,92500,,True,,,
Data Scientist,Spectrum Communications and Consulting,Chicago,Company - Private,Advertising & Marketing,Business Services,79000,106000,92500,Bachelors,,True,True,
Data Scientist,Coverent,McLean,Company - Private,Consulting,Business Services,79000,106000,92500,Bachelors,True,,,
Machine Learning Engineer,Mteq,Fort Belvoir,Company - Public,Aerospace & Defense,Aerospace & Defense,79000,106000,92500,Bachelors,True,,,
Data Engineer,Rocket Lawyer,San Francisco,Company - Private,Computer Hardware & Software,Information Technology,79000,106000,92500,Bachelors,True,,True,
"Senior Data Scientist – Image Analytics, Novartis AI Innovation Lab",Novartis,Cambridge,Company - Public,Biotech & Pharmaceuticals,Biotech & Pharmaceuticals,79000,106000,92500,,,,,
Data Engineer,Alion Science & Technology,Linthicum Heights,Company - Private,Research & Development,Business Services,79000,106000,92500,Bachelors,True,,,
Data Science Instructor,Novetta,Herndon,Company - Private,Enterprise Software & Network Solutions,Information Technology,79000,106000,92500,,,,,
Senior Business Intelligence Analyst,Protolabs,Maple Plain,Company - Public,Miscellaneous Manufacturing,Manufacturing,79000,106000,92500,Bachelors,,,True,
In-Line Inspection Data Analyst,Quest Integrity,Tulsa,Company - Public,Oil & Gas Services,"Oil, Gas, Energy & Utilities",79000,106000,92500,,,,,
Data Scientist - TS/SCI FSP or CI Required,Phoenix Operations Group,Annapolis Junction,Company - Private,IT Services,Information Technology,79000,106000,92500,Bachelors,True,True,,
Data Scientist,Dice.com,Newton,Subsidiary or Business Segment,Staffing & Outsourcing,Business Services,79000,106000,92500,Bachelors,,,True,
Senior Data Scientist,Maxar Technologies,Herndon,Company - Public,Aerospace & Defense,Aerospace & Defense,79000,106000,92500,Bachelors,True,True,True,True
Data Scientist - TS/SCI Required,Phoenix Operations Group,Baltimore,Company - Private,IT Services,Information Technology,79000,106000,92500,Bachelors,True,,,
Data Science Software Engineer,Klaviyo,Boston,Company - Private,Computer Hardware & Software,Information Technology,79000,106000,92500,Bachelors,True,,,
ENGINEER - COMPUTER SCIENTIST - RESEARCH COMPUTER SCIENTIST - SIGNAL PROCESSING - SAN ANTONIO OR,Southwest Research Institute,Oklahoma City,Nonprofit Organization,Research & Development,Business Services,79000,106000,92500,Bachelors,True,,,True
AI Ops Data Scientist,AstraZeneca,Gaithersburg,Company - Public,Biotech & Pharmaceuticals,Biotech & Pharmaceuticals,79000,106000,92500,Phd,True,True,True,
"Intelligence Data Analyst, Senior",The Buffalo Group,Fort Belvoir,Company - Private,IT Services,Information Technology,79000,106000,92500,,True,,,
Analytics Manager - Data Mart,Central California Alliance for Health,Scotts Valley,Nonprofit Organization,Health Care Services & Hospitals,Health Care,79000,106000,92500,Bachelors,,,True,
Data Modeler (Analytical Systems),MassMutual,Boston,Company - Private,Insurance Carriers,Insurance,79000,106000,92500,Bachelors,,,True,
"Senior Machine Learning Scientist - Bay Area, CA",Tempus Labs,Redwood City,Company - Private,Biotech & Pharmaceuticals,Biotech & Pharmaceuticals,79000,106000,92500,Phd,True,,True,
Report Writer-Data Analyst,Security Finance Corporation of Spartanburg,Spartanburg,Company - Private,Lending,Finance,79000,106000,92500,Bachelors,,,True,
Data Scientist/Machine Learning,PulsePoint,New York,Company - Private,Internet,Information Technology,71000,123000,97000,Bachelors,True,,,
Data Scientist - Risk,LSQ,Orlando,Company - Private,Investment Banking & Asset Management,Finance,71000,123000,97000,Bachelors,True,True,,
Data Engineer,Resurgent Capital Services,Cincinnati,Company - Private,Venture Capital & Private Equity,Finance,71000,123000,97000,,True,True,True,True
Staff Data Scientist - Pricing,Opendoor,San Francisco,Company - Private,Real Estate,Real Estate,71000,123000,97000,,True,True,True,
Data Scientist,Global Data Management Inc,Hartford,Company - Private,IT Services,Information Technology,71000,123000,97000,,True,True,True,
Data Scientist,Photon Infotech,Chicago,Company - Private,IT Services,Information Technology,71000,123000,97000,Masters,True,True,True,
Data Scientist,REE,United States,Company - Private,Transportation Equipment Manufacturing,Manufacturing,71000,123000,97000,Bachelors,True,True,,
Machine Learning Engineer,Riverside Research Institute,Beavercreek,Nonprofit Organization,Federal Agencies,Government,71000,123000,97000,Bachelors,True,,,
Equity Data Insights Analyst - Quantitative Analyst,T. Rowe Price,Baltimore,Company - Public,Investment Banking & Asset Management,Finance,71000,123000,97000,Bachelors,True,True,,
Data Scientist,"Encode, Inc.",Norfolk,Company - Private,IT Services,Information Technology,71000,123000,97000,,,,,
Research Scientist - Patient-Centered Research (Remote),Evidera,Bethesda,Subsidiary or Business Segment,Biotech & Pharmaceuticals,Biotech & Pharmaceuticals,71000,123000,97000,Masters,,,,
Data Scientist,BWX Technologies,Oak Ridge,Company - Public,Aerospace & Defense,Aerospace & Defense,71000,123000,97000,Bachelors,True,True,,True
Operations Data Analyst,Brighthouse Financial,Charlotte,Company - Public,Insurance Carriers,Insurance,71000,123000,97000,,,,,
Sr. Data Scientist II,Argo Group US,New York,Company - Public,Insurance Carriers,Insurance,71000,123000,97000,,True,True,True,
Data Scientist,II-VI Incorporated,Champaign,Company - Public,Telecommunications Manufacturing,Telecommunications,71000,123000,97000,,,,True,True
Data Scientist,Surya Systems,San Francisco,Company - Private,Computer Hardware & Software,Information Technology,71000,123000,97000,,True,True,True,
Data Scientist,PayPal,Texas,Company - Public,Internet,Information Technology,71000,123000,97000,Masters,True,True,,
Senior Data Analyst,Life360,San Francisco,Company - Public,Internet,Information Technology,71000,123000,97000,,True,True,True,
Data Scientist,Predictive Research Inc,Plano,Company - Private,Consulting,Business Services,71000,123000,97000,,True,,,
Data Scientist,Oversight Systems,Atlanta,Company - Private,Computer Hardware & Software,Information Technology,90000,124000,107000,,True,True,True,
Senior Research Statistician- Data Scientist,Acuity Insurance,Sheboygan,Company - Private,Insurance Carriers,Insurance,90000,124000,107000,Masters,,True,,True
Software Data Engineer,1010data,New York,Company - Private,Computer Hardware & Software,Information Technology,90000,124000,107000,Bachelors,True,,,
Data Scientist,Gigya,Palo Alto,Company - Private,Enterprise Software & Network Solutions,Information Technology,90000,124000,107000,Bachelors,,,,
Real World Evidence (RWE) Scientist,Genesis Research,Hoboken,Company - Private,Biotech & Pharmaceuticals,Biotech & Pharmaceuticals,90000,124000,107000,Bachelors,True,True,True,
Data Scientist,Sanofi,Cambridge,Company - Public,Biotech & Pharmaceuticals,Biotech & Pharmaceuticals,90000,124000,107000,Masters,True,True,True,
Data Scientist,XPO Logistics,Lebanon,Company - Public,Transportation Management,Transportation & Logistics,90000,124000,107000,Bachelors,True,True,True,
Data Scientist,Trace Data,Oakland,Company - Private,Insurance Carriers,Insurance,90000,124000,107000,Bachelors,True,True,True,
Data Scientist,Descript,San Francisco,Company - Private,-1,-1,90000,124000,107000,Bachelors,True,True,,True
Computer Scientist 1,Rincon Research Corporation,Melbourne,Company - Private,Aerospace & Defense,Aerospace & Defense,90000,124000,107000,Bachelors,True,,,True
Lead Data Scientist,MassMutual,Boston,Company - Private,Insurance Carriers,Insurance,90000,124000,107000,Masters,True,True,True,
Data Scientist,Better Hire,Birmingham,Company - Private,-1,-1,90000,124000,107000,,,,True,True
Data Scientist,Parker Hannifin,Cleveland,Company - Public,Industrial Manufacturing,Manufacturing,90000,124000,107000,Bachelors,True,True,True,
Data Scientist,Gallup,New York,Company - Private,Consulting,Business Services,90000,124000,107000,Masters,True,True,,
Data Scientist,Insider Inc,New York,Company - Private,News Outlet,Media,90000,124000,107000,,True,True,,
Data Scientist,Rapid Value Solutions,San Francisco,Company - Private,IT Services,Information Technology,90000,124000,107000,Bachelors,True,,True,
Environmental Data Science,Battelle,Norwell,Nonprofit Organization,Research & Development,Business Services,90000,124000,107000,Bachelors,,True,True,
Computational Behavioral Scientist,Ntrepid,Herndon,Company - Private,IT Services,Information Technology,90000,124000,107000,Masters,True,True,,True
Data Scientist,"The Drive Media, Inc.",New York,Unknown,-1,-1,90000,124000,107000,Bachelors,True,,True,
Staff BI and Data Engineer,Affinity Solutions,San Jose,Company - Private,Advertising & Marketing,Business Services,90000,124000,107000,Bachelors,True,,True,
Principal Machine Learning Scientist,Sage Intacct,San Francisco,Subsidiary or Business Segment,Computer Hardware & Software,Information Technology,90000,124000,107000,Masters,True,,True,
Principal Data Scientist - Machine Learning,Constant Contact,Waltham,Subsidiary or Business Segment,Advertising & Marketing,Business Services,90000,124000,107000,Masters,True,True,,
Data Scientist-Human Resources,MIT Lincoln Laboratory,Lexington,Nonprofit Organization,Aerospace & Defense,Aerospace & Defense,91000,150000,120500,Bachelors,True,True,True,
Associate Data Scientist,Puget Sound Energy,Bothell,Company - Private,Utilities,"Oil, Gas, Energy & Utilities",91000,150000,120500,Bachelors,,,True,
"Data Scientist - Statistics, Mid-Career",Pacific Northwest National Laboratory,Richland,Government,Energy,"Oil, Gas, Energy & Utilities",91000,150000,120500,Bachelors,,,,
Director of Data Science,Analysis Group,Boston,Private Practice / Firm,Consulting,Business Services,91000,150000,120500,Phd,True,True,True,True
Data Scientist,US Pharmacopeia,Rockville,Nonprofit Organization,Biotech & Pharmaceuticals,Biotech & Pharmaceuticals,91000,150000,120500,Masters,True,True,True,
Data Scientist,Itlize Global,Piscataway,Company - Private,IT Services,Information Technology,91000,150000,120500,Bachelors,True,,,
Data Scientist,eBay,San Jose,Company - Public,Internet,Information Technology,91000,150000,120500,Bachelors,True,True,True,
"Data Engineer, Digital & Comp Pathology",Paige,New York,Company - Private,Enterprise Software & Network Solutions,Information Technology,91000,150000,120500,Masters,True,,True,
Data Engineer,Shape Security,Santa Clara,Company - Private,IT Services,Information Technology,91000,150000,120500,,True,,,
"Manager / Lead, Data Science & Analytics",ABIOMED,Danvers,Company - Public,Biotech & Pharmaceuticals,Biotech & Pharmaceuticals,91000,150000,120500,Masters,True,True,True,True
Data Scientist,Comcast,New York,Company - Public,-1,-1,91000,150000,120500,Bachelors,True,True,True,
Data Scientist,"Metronome, LLC",Vienna,Company - Private,IT Services,Information Technology,91000,150000,120500,Bachelors,True,True,True,
Data Scientist,SkillSoniq,San Francisco,Company - Public,-1,-1,91000,150000,120500,,True,,True,
Data Scientist,Lawrence Livermore National Lab,Livermore,Government,Federal Agencies,Government,91000,150000,120500,Bachelors,True,True,,True
Diversity and Inclusion Data Analyst,FHLBank Pittsburgh,Pittsburgh,Company - Private,Banks & Credit Unions,Finance,91000,150000,120500,Bachelors,,,,
Data Scientist,Jacobs,Herndon,Company - Public,Architectural & Engineering Services,Business Services,91000,150000,120500,Bachelors,True,True,True,
Data Scientist,Klaviyo,Boston,Company - Private,Computer Hardware & Software,Information Technology,91000,150000,120500,Bachelors,,,,
Data Scientist,Underwriters Laboratories,Northbrook,Company - Private,Consulting,Business Services,91000,150000,120500,Masters,,True,,
Data Scientist,Altus Group,Irvine,Company - Public,Real Estate,Real Estate,91000,150000,120500,Bachelors,True,,True,
Data Scientist,Jobot,Irvine,Company - Private,Staffing & Outsourcing,Business Services,91000,150000,120500,Bachelors,True,True,True,
Data Scientist,Trovetechs Inc,San Francisco,Company - Private,-1,-1,91000,150000,120500,,,,,
Senior Analyst/Data Scientist,Edmunds.com,Santa Monica,Company - Private,Internet,Information Technology,141000,225000,183000,Bachelors,True,True,True,
Data Scientist,Cohere Health,Boston,Company - Private,IT Services,Information Technology,141000,225000,183000,Masters,True,True,True,
Data Scientist,Trovetechs Inc,San Francisco,Company - Private,-1,-1,141000,225000,183000,,,,,
Senior Data Scientist - R&D Oncology,AstraZeneca,New York,Company - Public,Biotech & Pharmaceuticals,Biotech & Pharmaceuticals,141000,225000,183000,Phd,True,True,,
Data Scientist,Oshkosh Corporation,Oshkosh,Company - Public,Transportation Equipment Manufacturing,Manufacturing,141000,225000,183000,Bachelors,True,,True,True
Data Scientist,Joby Aviation,San Carlos,Company - Private,-1,-1,141000,225000,183000,,True,,True,
Data Scientist,Mackin,Menlo Park,Company - Private,Architectural & Engineering Services,Business Services,141000,225000,183000,,True,True,True,
Data Scientist,PETADATA,San Francisco,Company - Private,-1,-1,141000,225000,183000,,True,True,True,
Data Scientist,VBeyond Corporation,Dallas,Company - Private,Staffing & Outsourcing,Business Services,141000,225000,183000,Bachelors,True,True,,
Data Scientist Machine Learning,Leidos,Arlington,Company - Public,Aerospace & Defense,Aerospace & Defense,141000,225000,183000,Bachelors,True,True,,
Data Scientist,Take-Two,San Francisco,Company - Public,Video Games,Media,141000,225000,183000,Masters,True,,True,
Data Scientist,Colony Brands,Monroe,Company - Private,Food & Beverage Stores,Retail,141000,225000,183000,Bachelors,True,True,True,
Data Scientist,Capio Group,Sacramento,Hospital,Health Care Services & Hospitals,Health Care,141000,225000,183000,,True,True,True,
Data Scientist,SleePare,New York,Company - Private,Other Retail Stores,Retail,141000,225000,183000,,True,True,True,
Data Analyst,ShorePoint,Reston,Company - Private,IT Services,Information Technology,141000,225000,183000,Masters,,,True,
Data Scientist,Dolphin,New York,Company - Private,"Hotels, Motels, & Resorts",Travel & Tourism,141000,225000,183000,,True,,True,
Data Scientist,TE Connectivity,Hampton,Company - Public,Electrical & Electronic Manufacturing,Manufacturing,141000,225000,183000,,,,,
Data Scientist,State of Virginia,Richmond,Government,State & Regional Agencies,Government,141000,225000,183000,Bachelors,True,True,True,
Data Scientist,TA Digital,New York,Company - Private,Computer Hardware & Software,Information Technology,141000,225000,183000,,True,True,True,
Data Scientist,Market America Inc,Monterey,Company - Private,Other Retail Stores,Retail,141000,225000,183000,Masters,True,True,,
Data Scientist,Triplebyte,Chicago,Company - Private,Computer Hardware & Software,Information Technology,145000,225000,185000,,,,,
Data Scientist,Kingfisher Systems,McLean,Company - Private,Federal Agencies,Government,145000,225000,185000,Bachelors,True,True,,True
Chief Scientist,TrueAccord,Remote,Company - Private,Enterprise Software & Network Solutions,Information Technology,145000,225000,185000,Phd,True,,,
Data Scientist,ALTA IT Services,Woodlawn,Company - Private,IT Services,Information Technology,145000,225000,185000,Bachelors,True,True,True,
Data Scientist,Kollasoft Inc.,United States,Company - Private,IT Services,Information Technology,145000,225000,185000,Phd,True,True,,
Data Scientist,Kollasoft Inc.,New York,Company - Public,-1,-1,145000,225000,185000,Masters,True,True,,
Data Scientist,ASRC Federal Holding Company,Reston,Company - Private,Aerospace & Defense,Aerospace & Defense,145000,225000,185000,Bachelors,,,,
Data Scientist,Adwait Algorithm,New York,Company - Private,IT Services,Information Technology,145000,225000,185000,Bachelors,True,True,,
"Health Plan Data Analyst, Sr",Cook Children's Health Care System,Fort Worth,Nonprofit Organization,Health Care Services & Hospitals,Health Care,145000,225000,185000,Bachelors,,,,
"Principal Scientist/Associate Director, Quality Control and Analytical Technologies",Rubius Therapeutics,Smithfield,Company - Public,Biotech & Pharmaceuticals,Biotech & Pharmaceuticals,145000,225000,185000,Bachelors,,,,
Data Scientist,Cambridge FX,Atlanta,Company - Public,Financial Transaction Processing,Finance,145000,225000,185000,Bachelors,True,True,,
Senior Data Scientist,Metromile,San Francisco,Company - Private,Insurance Carriers,Insurance,145000,225000,185000,,True,,True,
Data Scientist,Criteo,Ann Arbor,Company - Public,Internet,Information Technology,145000,225000,185000,Bachelors,True,True,,True
Data Scientist,Advance Sourcing Concepts,Pittsburgh,Company - Private,-1,-1,145000,225000,185000,Bachelors,True,True,True,
Data Scientist,Enterprise Solutions Inc,New York,Company - Private,Staffing & Outsourcing,Business Services,145000,225000,185000,,True,True,,
Analytics - Business Assurance Data Analyst,GreatAmerica Financial Services,Cedar Rapids,Company - Private,Lending,Finance,145000,225000,185000,Bachelors,,,True,
Data Scientist,Microagility,New York,Company - Private,Consulting,Business Services,145000,225000,185000,,,True,True,
Data Scientist,"Conch Technologies, Inc",Concord,Company - Private,Consulting,Business Services,145000,225000,185000,,,,,
"Development Scientist, Voltaren",GSK,Richmond,Company - Public,Biotech & Pharmaceuticals,Biotech & Pharmaceuticals,145000,225000,185000,Bachelors,,True,,
Data Scientist,"Rainmaker Resources, LLC",Cincinnati,Company - Private,-1,-1,145000,225000,185000,Bachelors,,,,
Data Scientist,GovTech,San Francisco,Government,Federal Agencies,Government,79000,147000,113000,Bachelors,True,True,,
Data Scientist,Intellectual Ventures,Bellevue,Company - Private,Investment Banking & Asset Management,Finance,79000,147000,113000,,True,True,,True
Data Engineer,Rocket Lawyer,San Francisco,Company - Private,Computer Hardware & Software,Information Technology,79000,147000,113000,Bachelors,True,,True,
Data Scientist,22nd Century Technologies,Oakland,Company - Private,IT Services,Information Technology,79000,147000,113000,,,,True,
Data Scientist,Huxley,San Francisco,Company - Private,Staffing & Outsourcing,Business Services,79000,147000,113000,Masters,True,True,,
Data Scientist,FM Systems,Boston,Company - Private,Computer Hardware & Software,Information Technology,79000,147000,113000,Bachelors,True,,,
Data Scientist,B4Corp,Reston,Company - Private,IT Services,Information Technology,79000,147000,113000,,True,,True,
Machine Learning Engineer,Mteq,Fort Belvoir,Company - Public,Aerospace & Defense,Aerospace & Defense,79000,147000,113000,Bachelors,True,,,
Principal Data & Analytics Platform Engineer,Blue Cross and Blue Shield of North Carolina,Durham,Company - Private,Insurance Carriers,Insurance,79000,147000,113000,Bachelors,True,,True,
Machine Learning Engineer/Scientist,Jane Street,New York,Company - Private,Investment Banking & Asset Management,Finance,79000,147000,113000,,,,,
Data Scientist,SSATI,McLean,Company - Private,Computer Hardware & Software,Information Technology,79000,147000,113000,,True,,True,
"Senior Data Scientist – Image Analytics, Novartis AI Innovation Lab",Novartis,Cambridge,Company - Public,Biotech & Pharmaceuticals,Biotech & Pharmaceuticals,79000,147000,113000,,,,,
Data Scientist,Solving IT International Inc,Chicago,Company - Private,-1,-1,79000,147000,113000,Bachelors,,,,
Data Scientist,The Davey Tree Expert Company,Kent,Self-employed,Timber Operations,Agriculture & Forestry,79000,147000,113000,Bachelors,True,True,True,
Data Scientist,Centauri,Reston,Company - Private,Aerospace & Defense,Aerospace & Defense,79000,147000,113000,Bachelors,,,True,
Data Scientist,Stride Search,San Francisco,Company - Private,-1,-1,79000,147000,113000,,True,True,,
Machine Learning Engineer,Software Engineering Institute,Pittsburgh,College / University,Colleges & Universities,Education,79000,147000,113000,Bachelors,True,,,True
Data Analyst - Unilever Prestige,Dermalogica,Carson,Subsidiary or Business Segment,Consumer Products Manufacturing,Manufacturing,79000,147000,113000,Bachelors,True,True,True,
Data Scientist,TechProjects,New York,Company - Private,IT Services,Information Technology,79000,147000,113000,,True,True,True,
"VP, Data Science",7Park Data,New York,Company - Private,Research & Development,Business Services,79000,147000,113000,Masters,True,True,,
Data Scientist,Netskope,Santa Clara,Company - Private,Enterprise Software & Network Solutions,Information Technology,122000,146000,134000,Phd,True,True,,
Data Scientist,Eversight,Palo Alto,Company - Private,Enterprise Software & Network Solutions,Information Technology,122000,146000,134000,Masters,True,,,
Senior Business Intelligence Analyst,Protolabs,Maple Plain,Company - Public,Miscellaneous Manufacturing,Manufacturing,122000,146000,134000,Bachelors,,,True,
Data Scientist,Ameritas Life Insurance Corp,Cincinnati,Company - Private,Insurance Agencies & Brokerages,Insurance,122000,146000,134000,,,,,
Data Engineer - Kafka,Western Digital,San Jose,Company - Public,Computer Hardware & Software,Information Technology,122000,146000,134000,Bachelors,True,True,,True
Data Scientist,"Shimento, Inc.",Santa Clara,Company - Private,-1,-1,122000,146000,134000,Bachelors,True,True,,
Data Scientist,Averity,New York,Company - Private,Staffing & Outsourcing,Business Services,122000,146000,134000,Masters,,,,
Data Scientist,Praxis Engineering,Chantilly,Subsidiary or Business Segment,Computer Hardware & Software,Information Technology,122000,146000,134000,,,,True,
Data Scientist,Point72 Ventures,Palo Alto,-1,-1,-1,122000,146000,134000,,,,,
Decision Scientist,Johns Hopkins University Applied Physics Laboratory,Laurel,Nonprofit Organization,Aerospace & Defense,Aerospace & Defense,122000,146000,134000,Bachelors,,,,
Data Scientist,Cambridge Mobile Telematics,Cambridge,Company - Private,Enterprise Software & Network Solutions,Information Technology,122000,146000,134000,Masters,True,,,
Data Science All Star Program - Data Engineer Track,Blend360,Columbia,Company - Private,Consulting,Business Services,122000,146000,134000,Masters,True,,True,
Data Scientist - TS/SCI FSP or CI Required,Phoenix Operations Group,Annapolis Junction,Company - Private,IT Services,Information Technology,122000,146000,134000,Bachelors,True,True,,
Data Analyst,Nolij Consulting,Falls Church,Company - Public,Consulting,Business Services,122000,146000,134000,Bachelors,True,True,True,
Data Scientist,Hatch Data Inc,San Francisco,-1,-1,-1,122000,146000,134000,Bachelors,True,True,,
Senior Data Scientist,Maxar Technologies,Herndon,Company - Public,Aerospace & Defense,Aerospace & Defense,122000,146000,134000,Bachelors,True,True,True,True
Data Scientist,Quick Base,Cambridge,Company - Private,Enterprise Software & Network Solutions,Information Technology,112000,116000,114000,Masters,True,,True,True
Data Scientist,Takeda,Cambridge,Company - Public,Biotech & Pharmaceuticals,Biotech & Pharmaceuticals,112000,116000,114000,Masters,True,True,True,
Data Scientist,Maxar Technologies,Herndon,Company - Public,Aerospace & Defense,Aerospace & Defense,112000,116000,114000,Bachelors,True,True,True,True
ENGINEER - COMPUTER SCIENTIST - RESEARCH COMPUTER SCIENTIST - SIGNAL PROCESSING - SAN ANTONIO OR,Southwest Research Institute,Oklahoma City,Nonprofit Organization,Research & Development,Business Services,112000,116000,114000,Bachelors,True,,,True
Data Scientist,Compass Consulting Group,Thousand Oaks,Company - Private,Consulting,Business Services,112000,116000,114000,Bachelors,True,,True,
Data Science Software Engineer,Klaviyo,Boston,Company - Private,Computer Hardware & Software,Information Technology,112000,116000,114000,Bachelors,True,,,
AI Ops Data Scientist,AstraZeneca,Gaithersburg,Company - Public,Biotech & Pharmaceuticals,Biotech & Pharmaceuticals,112000,116000,114000,Phd,True,True,True,
Data Scientist,"SolutionIT, Inc.",Edison,Company - Private,-1,-1,112000,116000,114000,Bachelors,,,,
Data Scientist,Perspecta,Adelphi,Company - Public,Aerospace & Defense,Aerospace & Defense,112000,116000,114000,Bachelors,True,,,True
Data Scientist,Smith Hanley Associates,Washington,Company - Private,Staffing & Outsourcing,Business Services,112000,116000,114000,Masters,True,True,True,
Scientist - Machine Learning,Allen Institute,Seattle,Nonprofit Organization,Research & Development,Business Services,112000,116000,114000,Phd,,,,
Data Scientist,Eliassen Group,Plano,Company - Private,Staffing & Outsourcing,Business Services,112000,116000,114000,Masters,True,True,,
Data Scientist,Bayside Solutions,Sunnyvale,Company - Private,Staffing & Outsourcing,Business Services,112000,116000,114000,Bachelors,True,True,True,
Sr. Data Scientist,Evolve Vacation Rental,Denver,Company - Private,Travel Agencies,Travel & Tourism,112000,116000,114000,Bachelors,True,,True,
Data Scientist,AgreeYa Solutions,Thousand Oaks,Company - Private,IT Services,Information Technology,112000,116000,114000,,True,True,True,
Data Scientist,Carolina Power & Light Co,McLean,Subsidiary or Business Segment,Energy,"Oil, Gas, Energy & Utilities",112000,116000,114000,,True,True,True,
Analytics Manager - Data Mart,Central California Alliance for Health,Scotts Valley,Nonprofit Organization,Health Care Services & Hospitals,Health Care,112000,116000,114000,Bachelors,,,True,
Data Modeler (Analytical Systems),MassMutual,Boston,Company - Private,Insurance Carriers,Insurance,112000,116000,114000,Bachelors,,,True,
Applied AI Scientist / Engineer,"New Iron Group, Inc.",Boston,Contract,Computer Hardware & Software,Information Technology,112000,116000,114000,,True,,True,
"Data Engineer (Analytics, SQL, Python, AWS)",Travelers,Hartford,Company - Public,Insurance Carriers,Insurance,112000,116000,114000,Bachelors,True,,True,
Senior Data Analyst - Finance & Platform Analytics,Twitch,San Francisco,Subsidiary or Business Segment,Internet,Information Technology,112000,116000,114000,Bachelors,True,True,True,
Senior Data Scientist,Klaviyo,Boston,Company - Private,Computer Hardware & Software,Information Technology,110000,163000,136500,Bachelors,,,,
Market Research Data Scientist,GutCheck,Denver,Company - Private,Advertising & Marketing,Business Services,110000,163000,136500,,,True,,
IT Partner Digital Health Technology and Data Science,Biogen,Cambridge,Company - Public,Biotech & Pharmaceuticals,Biotech & Pharmaceuticals,110000,163000,136500,Bachelors,,True,,
Data Scientist,HireAi,San Francisco,-1,-1,-1,110000,163000,136500,Bachelors,True,True,True,True
"Senior Machine Learning Scientist - Bay Area, CA",Tempus Labs,Redwood City,Company - Private,Biotech & Pharmaceuticals,Biotech & Pharmaceuticals,110000,163000,136500,Phd,True,,True,
"Software Engineer (Data Scientist, C,C++,Linux,Unix) - SISW - MG",Mentor Graphics,Fremont,Company - Public,Computer Hardware & Software,Information Technology,110000,163000,136500,Bachelors,True,True,,True
Senior Clinical Data Scientist Programmer,WCG (WIRB-Copernicus Group),Hamilton,Company - Private,Biotech & Pharmaceuticals,Biotech & Pharmaceuticals,110000,163000,136500,Bachelors,,True,,
Data Engineer,Kingfisher Systems,Falls Church,Company - Private,Federal Agencies,Government,110000,163000,136500,Bachelors,True,,True,
Computer Vision / Deep Learning Scientist,Tempus Labs,Chicago,Company - Private,Biotech & Pharmaceuticals,Biotech & Pharmaceuticals,110000,163000,136500,Phd,,,,
Data Solutions Engineer - Data Modeler,Liberty Mutual Insurance,Indianapolis,Company - Private,Insurance Carriers,Insurance,110000,163000,136500,Bachelors,True,,True,
Data Scientist,Visionary Integration Professionals,Washington,Company - Private,IT Services,Information Technology,110000,163000,136500,,,,,
Data Scientist (TS/SCI w/ Poly),Maxar Technologies,Herndon,Company - Public,Aerospace & Defense,Aerospace & Defense,110000,163000,136500,Bachelors,True,,,
Weapons and Sensors Engineer/Scientist,Dynetics,Huntsville,Company - Private,Aerospace & Defense,Aerospace & Defense,110000,163000,136500,Bachelors,True,,,True
Applied Computer Scientist,Systems & Technology Research,Woburn,Company - Private,Aerospace & Defense,Aerospace & Defense,110000,163000,136500,Bachelors,,,,True
Senior Data Analyst,Novetta,Herndon,Company - Private,Enterprise Software & Network Solutions,Information Technology,110000,163000,136500,Bachelors,True,True,True,True
Cloud Data Engineer (Azure),Navy Federal Credit Union,Merrifield,Other Organization,Banks & Credit Unions,Finance,110000,163000,136500,Bachelors,,,True,
"Lead Certified Clinical Laboratory Scientist - Saturday - Tuesday, 8:00pm - 6:30am shift",Exact Sciences Corporation,Madison,Company - Public,Health Care Services & Hospitals,Health Care,110000,163000,136500,Bachelors,,,,
Sr. Data Analyst,Community Behavioral Health,Philadelphia,Company - Private,Health Care Services & Hospitals,Health Care,110000,163000,136500,Bachelors,,,True,
Senior Scientist - Toxicologist - Product Integrity (Stewardship),Reynolds American,Winston-Salem,Company - Private,Consumer Products Manufacturing,Manufacturing,110000,163000,136500,Masters,,True,,True
Senior Machine Learning Engineer,LifeOmic,Raleigh,Company - Private,Enterprise Software & Network Solutions,Information Technology,110000,163000,136500,,,,,
Product Data Scientist - Ads Data Science,Twitter,San Francisco,Company - Public,Internet,Information Technology,124000,198000,161000,Masters,True,True,,True
Data Scientist,Postmates - Corporate HQ,San Francisco,Company - Private,Express Delivery Services,Transportation & Logistics,124000,198000,161000,Bachelors,True,True,True,
Data Scientist,"Visionist, Inc.",Columbia,Company - Private,Enterprise Software & Network Solutions,Information Technology,124000,198000,161000,Bachelors,True,True,,
Data Scientist,Navio,San Mateo,Unknown,-1,-1,124000,198000,161000,,,,,
Data Scientist,Concerto HealthAI,Boston,Company - Private,Biotech & Pharmaceuticals,Biotech & Pharmaceuticals,124000,198000,161000,Phd,True,True,,True
Data Scientist,Evolvinc,Burbank,Company - Private,IT Services,Information Technology,124000,198000,161000,Bachelors,True,True,True,
Data Scientist,PROPRIUS,Sunnyvale,Company - Private,Enterprise Software & Network Solutions,Information Technology,124000,198000,161000,Masters,True,True,,True
Data Scientist,TECHNOCRAFT Solutions,San Ramon,Company - Private,Advertising & Marketing,Business Services,124000,198000,161000,Bachelors,True,,True,
Data Scientist,"Latitude, Inc.",Washington,Company - Private,Consulting,Business Services,124000,198000,161000,Masters,True,True,True,True
Data Scientist,Royce Geospatial,Springfield,Company - Private,Aerospace & Defense,Aerospace & Defense,124000,198000,161000,,True,,True,
Data Scientist,CyberCoders,Phoenix,Subsidiary or Business Segment,Staffing & Outsourcing,Business Services,124000,198000,161000,Bachelors,True,,,
Data Scientist,Booz Allen Hamilton Inc.,Oxnard,Company - Public,Consulting,Business Services,124000,198000,161000,Bachelors,True,,,
Data Scientist,Burns & McDonnell,Kansas City,Company - Private,Architectural & Engineering Services,Business Services,124000,198000,161000,Bachelors,True,True,True,
Data Scientist,InvenTech Info,Jersey City,Company - Private,IT Services,Information Technology,124000,198000,161000,,True,True,True,True
Data Scientist,Robert Half,Manchester,Company - Public,Staffing & Outsourcing,Business Services,124000,198000,161000,Masters,True,,True,
Analytics - Business Assurance Data Analyst,GreatAmerica Financial Services,Cedar Rapids,Company - Private,Lending,Finance,124000,198000,161000,Bachelors,,,True,
Data Scientist,Conflux Systems Inc.,Winters,Company - Private,Accounting,Accounting & Legal,124000,198000,161000,Phd,True,,True,
Data Scientist,Criteo,Ann Arbor,Company - Public,Internet,Information Technology,124000,198000,161000,Bachelors,True,True,,True
Data Scientist,Voice,Brooklyn,Company - Private,-1,-1,124000,198000,161000,Bachelors,True,,,
Data Scientist,Microagility,New York,Company - Private,Consulting,Business Services,124000,198000,161000,,,True,True,
Data Scientist,Coverent,McLean,Company - Private,Consulting,Business Services,124000,198000,161000,Bachelors,True,,,
Data Scientist,Via Transportation,New York,Company - Private,Internet,Information Technology,79000,133000,106000,Phd,True,True,True,
Senior Data Scientist,Benson Hill,Saint Louis,Company - Private,Biotech & Pharmaceuticals,Biotech & Pharmaceuticals,79000,133000,106000,Bachelors,True,True,,
Data Scientist,"Conch Technologies, Inc",Concord,Company - Private,Consulting,Business Services,79000,133000,106000,,,,,
Data Scientist,Falcon IT & Staffing Solutions,Fort Belvoir,Company - Public,-1,-1,79000,133000,106000,Bachelors,True,,,
Data Scientist,"Rainmaker Resources, LLC",Cincinnati,Company - Private,-1,-1,79000,133000,106000,Bachelors,,,,
Data Engineer,Rocket Lawyer,San Francisco,Company - Private,Computer Hardware & Software,Information Technology,79000,133000,106000,Bachelors,True,,True,
Data Scientist,DataLab USA,Germantown,Company - Private,IT Services,Information Technology,79000,133000,106000,Bachelors,True,True,True,
Data Scientist,Werner Enterprises Inc,Omaha,Company - Public,Logistics & Supply Chain,Transportation & Logistics,79000,133000,106000,Bachelors,,,,
Data Scientist,PeopleCom,McLean,Company - Private,-1,-1,79000,133000,106000,Phd,True,,True,True
Data Scientist - Machine Learning,VANTA Partners,Open Fork,Company - Private,Staffing & Outsourcing,Business Services,79000,133000,106000,Masters,True,True,,
Data Scientist,B4Corp,Reston,Company - Private,IT Services,Information Technology,79000,133000,106000,,True,,True,
Data Scientist,"Blue Icy Water, LLC",United States,Company - Private,-1,-1,79000,133000,106000,,,,,
Data Scientist,"Farmer's Business Network, Inc.",San Carlos,Company - Private,Farm Support Services,Agriculture & Forestry,79000,133000,106000,Masters,True,True,,
Data Scientist,Sonde Health,Boston,Private Practice / Firm,Health Care Services & Hospitals,Health Care,79000,133000,106000,Masters,True,True,,True
Data Scientist,Maxiom,Ashburn,Company - Public,-1,-1,79000,133000,106000,,True,True,True,True
Data Scientist,Change Healthcare,Lombard,Company - Public,IT Services,Information Technology,79000,133000,106000,Bachelors,,,True,
Data Scientist,DCS Corp,Hampton,Company - Private,Research & Development,Business Services,79000,133000,106000,Masters,True,True,,True
Data Scientist,Hive (CA),San Francisco,Company - Private,Telecommunications Services,Telecommunications,79000,133000,106000,,True,True,True,True
Machine Learning Engineer/Scientist,Jane Street,New York,Company - Private,Investment Banking & Asset Management,Finance,79000,133000,106000,,,,,
Data Scientist - Intermediate,Envision LLC,Saint Louis,Company - Private,Staffing & Outsourcing,Business Services,69000,116000,92500,Masters,True,,,
Principal Data Scientist,Autodesk,San Francisco,Company - Public,Computer Hardware & Software,Information Technology,69000,116000,92500,,True,True,,
Data Scientist,Hackensack Meridian Health,Edison,Nonprofit Organization,Health Care Services & Hospitals,Health Care,69000,116000,92500,Masters,True,True,,True
"Senior Data Scientist – Image Analytics, Novartis AI Innovation Lab",Novartis,Cambridge,Company - Public,Biotech & Pharmaceuticals,Biotech & Pharmaceuticals,69000,116000,92500,,,,,
Data Scientist,Net2Source Inc.,Alpharetta,Company - Private,Staffing & Outsourcing,Business Services,69000,116000,92500,Bachelors,True,True,True,True
Data Scientist,The Trade Desk,Boulder,Company - Public,Internet,Information Technology,69000,116000,92500,Masters,True,True,True,
Data Scientist- Industrial Discrete Sector Industry,IBM,Atlanta,Company - Public,IT Services,Information Technology,69000,116000,92500,Masters,True,,,
Data Scientist,Knowesis Inc.,Falls Church,Company - Private,Consulting,Business Services,69000,116000,92500,Bachelors,True,True,True,
Data Scientist,MoTek Technologies,Mountain View,Company - Private,IT Services,Information Technology,69000,116000,92500,Bachelors,True,,True,
Data Scientist,The Davey Tree Expert Company,Kent,Self-employed,Timber Operations,Agriculture & Forestry,69000,116000,92500,Bachelors,True,True,True,
Data Scientist,HPOne,Trumbull,Company - Private,Insurance Carriers,Insurance,69000,116000,92500,Masters,True,True,,
Data Scientist,Stride Search,San Francisco,Company - Private,-1,-1,69000,116000,92500,,True,True,,
Machine Learning Engineer,Software Engineering Institute,Pittsburgh,College / University,Colleges & Universities,Education,69000,116000,92500,Bachelors,True,,,True
Data Scientist,Blue Cloak LLC,Sterling,-1,-1,-1,69000,116000,92500,Bachelors,True,,True,
Data Scientist,TBWA\Chiat\Day,New York,Company - Public,Advertising & Marketing,Business Services,69000,116000,92500,,True,True,True,
Data Scientist,ThreeBridge Solutions,Alpharetta,Company - Private,Consulting,Business Services,69000,116000,92500,,True,,True,
Data Scientist,"Numeric, LLC",Philadelphia,Company - Private,Staffing & Outsourcing,Business Services,69000,116000,92500,Bachelors,True,,True,
Data Analyst - Unilever Prestige,Dermalogica,Carson,Subsidiary or Business Segment,Consumer Products Manufacturing,Manufacturing,69000,116000,92500,Bachelors,True,True,True,
Data Scientist,Centraprise,Foster City,Company - Private,IT Services,Information Technology,69000,116000,92500,Masters,True,True,True,
Data Scientist,TechProjects,New York,Company - Private,IT Services,Information Technology,69000,116000,92500,,True,True,True,
Data Scientist,DW Simpson,Frederick,Company - Private,Staffing & Outsourcing,Business Services,69000,116000,92500,,True,True,True,
Data & Machine Learning Scientist,Tempus Labs,Chicago,Company - Private,Biotech & Pharmaceuticals,Biotech & Pharmaceuticals,31000,56000,43500,Masters,True,,True,
Data Scientist,Grid Dynamics,Santa Clara,Company - Private,Enterprise Software & Network Solutions,Information Technology,31000,56000,43500,,True,True,True,
"VP, Data Science",7Park Data,New York,Company - Private,Research & Development,Business Services,31000,56000,43500,Masters,True,True,,
Senior Business Intelligence Analyst,Protolabs,Maple Plain,Company - Public,Miscellaneous Manufacturing,Manufacturing,31000,56000,43500,Bachelors,,,True,
Data Scientist,LinQuest,Colorado Springs,Company - Private,Aerospace & Defense,Aerospace & Defense,31000,56000,43500,Masters,True,True,True,
Data Engineer - Kafka,Western Digital,San Jose,Company - Public,Computer Hardware & Software,Information Technology,31000,56000,43500,Bachelors,True,True,,True
Data Scientist,Trexquant Investment,United States,Company - Private,Investment Banking & Asset Management,Finance,31000,56000,43500,,True,,True,
Data Scientist,Ameritas Life Insurance Corp,Cincinnati,Company - Private,Insurance Agencies & Brokerages,Insurance,31000,56000,43500,,,,,
Data Scientist,Fleetcor,Atlanta,Company - Public,Financial Transaction Processing,Finance,31000,56000,43500,Bachelors,True,True,,
Data Scientist,Radiant Digital,Washington,Company - Private,-1,-1,31000,56000,43500,Bachelors,True,,True,
Data Scientist,Child Care Aware of America,Arlington,Nonprofit Organization,Social Assistance,Non-Profit,31000,56000,43500,Bachelors,True,True,,
Data Scientist,IntelliPro Group Inc.,Santa Clara,Company - Private,-1,-1,31000,56000,43500,Bachelors,True,True,,
In-Line Inspection Data Analyst,Quest Integrity,Tulsa,Company - Public,Oil & Gas Services,"Oil, Gas, Energy & Utilities",31000,56000,43500,,,,,
Data Scientist,Praxis Engineering,Chantilly,Subsidiary or Business Segment,Computer Hardware & Software,Information Technology,31000,56000,43500,,,,True,
Data Scientist,USI,Southfield,Company - Private,Construction,"Construction, Repair & Maintenance",31000,56000,43500,Masters,True,,True,
Data Scientist,Apex Systems,San Francisco,Subsidiary or Business Segment,Staffing & Outsourcing,Business Services,31000,56000,43500,Masters,,,True,
Data Scientist,"Pragmatics, Inc.",United States,Company - Private,IT Services,Information Technology,31000,56000,43500,Bachelors,True,True,,True
Decision Scientist,Johns Hopkins University Applied Physics Laboratory,Laurel,Nonprofit Organization,Aerospace & Defense,Aerospace & Defense,31000,56000,43500,Bachelors,,,,
Data Scientist,Cambridge Mobile Telematics,Cambridge,Company - Private,Enterprise Software & Network Solutions,Information Technology,31000,56000,43500,Masters,True,,,
Data Scientist - TS/SCI FSP or CI Required,Phoenix Operations Group,Annapolis Junction,Company - Private,IT Services,Information Technology,31000,56000,43500,Bachelors,True,True,,
"Data Scientist, Applied Machine Learning - Bay Area",Tempus Labs,Redwood City,Company - Private,Biotech & Pharmaceuticals,Biotech & Pharmaceuticals,95000,119000,107000,,True,,True,
Data Scientist,The Knot Worldwide,Washington,Company - Private,Internet,Information Technology,95000,119000,107000,Masters,True,True,,
Data Scientist,Crossover Health,San Clemente,Company - Private,Health Care Services & Hospitals,Health Care,95000,119000,107000,Bachelors,True,True,,
Data Scientist,Lorven Technologies Inc,New York,Company - Private,Accounting,Accounting & Legal,95000,119000,107000,,True,,True,
Data Analyst,Nolij Consulting,Falls Church,Company - Public,Consulting,Business Services,95000,119000,107000,Bachelors,True,True,True,
Data Scientist,Dice.com,Newton,Subsidiary or Business Segment,Staffing & Outsourcing,Business Services,95000,119000,107000,Bachelors,,,True,
Data Scientist,Gap Inc.,San Francisco,Company - Public,"Department, Clothing, & Shoe Stores",Retail,95000,119000,107000,Masters,True,,True,
Data Scientist,"Tygart Technology, Inc",Washington,Company - Private,-1,-1,95000,119000,107000,Bachelors,True,True,True,
Data Scientist,Hatch Data Inc,San Francisco,-1,-1,-1,95000,119000,107000,Bachelors,True,True,,
Data Scientist,Murray Resources,The Woodlands,Company - Private,Staffing & Outsourcing,Business Services,95000,119000,107000,Bachelors,True,True,True,True
Data Scientist,New York Technology Partners,Seattle,Company - Private,Computer Hardware & Software,Information Technology,95000,119000,107000,Phd,True,,True,
Data Scientist,Two95 International Inc.,Chicago,Company - Private,Staffing & Outsourcing,Business Services,95000,119000,107000,,True,True,True,
Data Scientist,Sophinea,Chantilly,Unknown,-1,-1,95000,119000,107000,Bachelors,,,True,
Data Scientist,CRS Group,Chicago,Company - Private,Staffing & Outsourcing,Business Services,95000,119000,107000,Bachelors,,,,
Data Scientist,Blackstone Talent Group,San Francisco,Company - Private,Consulting,Business Services,95000,119000,107000,Bachelors,True,,,
Data Scientist - TS/SCI Required,Phoenix Operations Group,Baltimore,Company - Private,IT Services,Information Technology,95000,119000,107000,Bachelors,True,,,
Senior Principal Data Scientist (Python/R),Roche,Pleasanton,Company - Public,Biotech & Pharmaceuticals,Biotech & Pharmaceuticals,212000,331000,271500,Masters,True,True,True,
"Real World Science, Data Scientist",AstraZeneca,Wilmington,Company - Public,Biotech & Pharmaceuticals,Biotech & Pharmaceuticals,212000,331000,271500,Masters,True,True,True,
Data Scientist,Creative Circle,United States,Company - Public,Staffing & Outsourcing,Business Services,212000,331000,271500,,True,True,True,
Data Scientist(s)/Machine Learning Engineer,Blue Horizon Tek Solutions,New York,Company - Private,Staffing & Outsourcing,Business Services,212000,331000,271500,Bachelors,True,,,
Senior Data Scientist,Maxar Technologies,Herndon,Company - Public,Aerospace & Defense,Aerospace & Defense,212000,331000,271500,Bachelors,True,True,True,True
Data Scientist,Sharpedge Solutions Inc,Seattle,Company - Private,Publishing,Media,212000,331000,271500,,True,,True,
Data Scientist,Maxar Technologies,Herndon,Company - Public,Aerospace & Defense,Aerospace & Defense,212000,331000,271500,Bachelors,True,True,True,True
Data Scientist,Alaka`ina Foundation Family of Companies,Fort Sam Houston,Government,-1,-1,212000,331000,271500,Phd,True,True,True,True
ENGINEER - COMPUTER SCIENTIST - RESEARCH COMPUTER SCIENTIST - SIGNAL PROCESSING - SAN ANTONIO OR,Southwest Research Institute,Oklahoma City,Nonprofit Organization,Research & Development,Business Services,212000,331000,271500,Bachelors,True,,,True
Data Scientist,Hexagon US Federal,Lexington Park,Company - Public,Aerospace & Defense,Aerospace & Defense,212000,331000,271500,Bachelors,,,,
Data Science Software Engineer,Klaviyo,Boston,Company - Private,Computer Hardware & Software,Information Technology,212000,331000,271500,Bachelors,True,,,
"Scientist / Group Lead, Cancer Biology",Monte Rosa Therapeutics,Cambridge,-1,-1,-1,212000,331000,271500,Masters,,,,
Data Scientist,Comtech Global Inc,Washington,Company - Private,"Health, Beauty, & Fitness",Consumer Services,212000,331000,271500,Bachelors,True,True,True,
Data Scientist,"Aveshka, Inc.",Washington,Company - Public,IT Services,Information Technology,212000,331000,271500,Bachelors,True,True,True,
"Manager, Field Application Scientist, Southeast",10x Genomics,Raleigh,Company - Public,Biotech & Pharmaceuticals,Biotech & Pharmaceuticals,212000,331000,271500,Bachelors,,,,
COMPUTER SCIENTIST - ENGINEER - RESEARCH COMPUTER SCIENTIST - SIGNAL PROCESSING,Southwest Research Institute,Dayton,Nonprofit Organization,Research & Development,Business Services,212000,331000,271500,Bachelors,True,,,True
Data Scientist,CompuForce,New York,Company - Private,-1,-1,212000,331000,271500,Phd,,True,,
Data Scientist,Smith Hanley Associates,Washington,Company - Private,Staffing & Outsourcing,Business Services,212000,331000,271500,Masters,True,True,True,
Scientist - Machine Learning,Allen Institute,Seattle,Nonprofit Organization,Research & Development,Business Services,212000,331000,271500,Phd,,,,
Data Scientist,1-800-Flowers,New York,Company - Public,Wholesale,Business Services,212000,331000,271500,Bachelors,True,,True,
Data Scientist,Aptive,Washington,Company - Private,Consulting,Business Services,212000,331000,271500,Bachelors,True,True,True,True
Data Scientist - Image and Video Analytics,The Mom Project,Longmont,Company - Private,Staffing & Outsourcing,Business Services,66000,112000,89000,Bachelors,True,,,
Data Scientist,Powertek,Washington,Company - Private,IT Services,Information Technology,66000,112000,89000,,,,,
Data Scientist,JCD Staffing,Washington,Company - Private,-1,-1,66000,112000,89000,Masters,True,True,True,True
Data Scientist,Bayside Solutions,Sunnyvale,Company - Private,Staffing & Outsourcing,Business Services,66000,112000,89000,Bachelors,True,True,True,
Senior Data Engineer,Thumbtack,San Francisco,Company - Private,Internet,Information Technology,66000,112000,89000,,True,,,
Data Scientist,"MILVETS Systems Technology, Inc.",Patuxent,Company - Private,IT Services,Information Technology,66000,112000,89000,Bachelors,,,,
Machine Learning Scientist / Engineer,Apple,Santa Clara,Company - Public,Computer Hardware & Software,Information Technology,66000,112000,89000,Bachelors,,,,
Data Scientist,Kforce,Fairfax,Company - Public,Staffing & Outsourcing,Business Services,66000,112000,89000,Bachelors,,,,
Sr. Data Scientist,Evolve Vacation Rental,Denver,Company - Private,Travel Agencies,Travel & Tourism,66000,112000,89000,Bachelors,True,,True,
"Intelligence Data Analyst, Senior",The Buffalo Group,Fort Belvoir,Company - Private,IT Services,Information Technology,66000,112000,89000,,True,,,
Data Science Analyst,OppLoans,Chicago,Company - Private,Lending,Finance,66000,112000,89000,Bachelors,True,True,,
Data Scientist,AgreeYa Solutions,Thousand Oaks,Company - Private,IT Services,Information Technology,66000,112000,89000,,True,True,True,
Data Scientist,Carolina Power & Light Co,McLean,Subsidiary or Business Segment,Energy,"Oil, Gas, Energy & Utilities",66000,112000,89000,,True,True,True,
COMPUTER SCIENTIST - ENGINEER - RESEARCH COMPUTER SCIENTIST - TRANSPORTATION TECHNOLOGY,Southwest Research Institute,San Antonio,Nonprofit Organization,Research & Development,Business Services,66000,112000,89000,Bachelors,True,,True,True
Data Scientist,Brillient,Silver Spring,Company - Private,IT Services,Information Technology,66000,112000,89000,Masters,True,True,,
Data Modeler (Analytical Systems),MassMutual,Boston,Company - Private,Insurance Carriers,Insurance,66000,112000,89000,Bachelors,,,True,
Data Scientist,Xator Corporation,Washington,Contract,IT Services,Information Technology,66000,112000,89000,Bachelors,,,,True
Data Scientist,HAN IT Staffing Inc.,New York,Company - Private,IT Services,Information Technology,66000,112000,89000,,True,True,True,
Data Scientist,Infinitive Inc,McLean,Company - Private,Enterprise Software & Network Solutions,Information Technology,66000,112000,89000,Bachelors,True,True,True,
"Data Engineer (Analytics, SQL, Python, AWS)",Travelers,Hartford,Company - Public,Insurance Carriers,Insurance,66000,112000,89000,Bachelors,True,,True,
Data Scientist 3 (718),Amyris,Emeryville,Company - Public,Biotech & Pharmaceuticals,Biotech & Pharmaceuticals,128000,201000,164500,Masters,True,True,,
Data Scientist,Lightspeed Systems,Austin,Company - Private,Computer Hardware & Software,Information Technology,128000,201000,164500,Bachelors,True,,True,
Senior Data Scientist,Thumbtack,San Francisco,Company - Private,Internet,Information Technology,128000,201000,164500,Masters,True,,,
Senior Data Analyst - Finance & Platform Analytics,Twitch,San Francisco,Subsidiary or Business Segment,Internet,Information Technology,128000,201000,164500,Bachelors,True,True,True,
Software Engineer - Machine Learning & Data Science (Applied Intelligence Services Team),New Relic,Portland,Company - Public,Computer Hardware & Software,Information Technology,128000,201000,164500,,True,,,True
IT Partner Digital Health Technology and Data Science,Biogen,Cambridge,Company - Public,Biotech & Pharmaceuticals,Biotech & Pharmaceuticals,128000,201000,164500,Bachelors,,True,,
Data Scientist,HireAi,San Francisco,-1,-1,-1,128000,201000,164500,Bachelors,True,True,True,True
"Senior Machine Learning Scientist - Bay Area, CA",Tempus Labs,Redwood City,Company - Private,Biotech & Pharmaceuticals,Biotech & Pharmaceuticals,128000,201000,164500,Phd,True,,True,
Data Scientist,ICW Group,San Diego,Company - Private,Insurance Carriers,Insurance,128000,201000,164500,Bachelors,True,True,True,
Clinical Data Analyst,NYSTEC,New York,Nonprofit Organization,Consulting,Business Services,128000,201000,164500,Bachelors,True,,True,
Data Scientist,E3 Federal Solutions,Chantilly,Company - Private,Consulting,Business Services,128000,201000,164500,,,,,
Data Engineer,Kingfisher Systems,Falls Church,Company - Private,Federal Agencies,Government,128000,201000,164500,Bachelors,True,,True,
Data Scientist Technical Specialist,Peraton,Chantilly,Company - Private,Aerospace & Defense,Aerospace & Defense,128000,201000,164500,Bachelors,True,,True,
Senior Data Scientist,Group O,Chicago,Company - Private,Staffing & Outsourcing,Business Services,128000,201000,164500,Bachelors,True,,,
Data Science Manager,Autodesk,San Francisco,Company - Public,Computer Hardware & Software,Information Technology,128000,201000,164500,Masters,True,True,True,
Computer Vision / Deep Learning Scientist,Tempus Labs,Chicago,Company - Private,Biotech & Pharmaceuticals,Biotech & Pharmaceuticals,128000,201000,164500,Phd,,,,
Big Data Engineer,CaptiveAire,Raleigh,Company - Private,Industrial Manufacturing,Manufacturing,128000,201000,164500,,True,,True,
Data Architect,LSQ,Orlando,Company - Private,Investment Banking & Asset Management,Finance,128000,201000,164500,,True,,True,True
Machine Learning Engineer,Temboo,New York,Company - Private,IT Services,Information Technology,128000,201000,164500,,,,,
Data Scientist,Kibo,Philadelphia,Company - Public,-1,-1,128000,201000,164500,Bachelors,True,True,,
Aviation AI/ML Data Scientist,MITRE,McLean,Nonprofit Organization,Federal Agencies,Government,128000,201000,164500,Bachelors,True,,,
Data Scientist,Mars,United States,Company - Private,Food & Beverage Manufacturing,Manufacturing,138000,158000,148000,Bachelors,True,,,
Data Scientist / Applied Mathematician,"Fullpower Technologies, Inc.",Santa Cruz,Company - Private,Computer Hardware & Software,Information Technology,138000,158000,148000,Bachelors,True,,True,
"Machine Learning Engineer, Sr.",AeroVironment,Simi Valley,Company - Public,Aerospace & Defense,Aerospace & Defense,138000,158000,148000,Bachelors,True,True,,True
Data Scientist (TS/SCI w/ Poly),Maxar Technologies,Herndon,Company - Public,Aerospace & Defense,Aerospace & Defense,138000,158000,148000,Bachelors,True,,,
Weapons and Sensors Engineer/Scientist,Dynetics,Huntsville,Company - Private,Aerospace & Defense,Aerospace & Defense,138000,158000,148000,Bachelors,True,,,True
Applied Computer Scientist,Systems & Technology Research,Woburn,Company - Private,Aerospace & Defense,Aerospace & Defense,138000,158000,148000,Bachelors,,,,True
Senior Data Analyst,Novetta,Herndon,Company - Private,Enterprise Software & Network Solutions,Information Technology,138000,158000,148000,Bachelors,True,True,True,True
Information Systems Engineering Specialist (Engineering Scientist),Applied Research Laboratories,Austin,College / University,Colleges & Universities,Education,138000,158000,148000,Bachelors,True,,,True
Cloud Data Engineer (Azure),Navy Federal Credit Union,Merrifield,Other Organization,Banks & Credit Unions,Finance,138000,158000,148000,Bachelors,,,True,
Scientist/Research Associate-Metabolic Engineering,Conagen,New Bedford,Company - Private,Biotech & Pharmaceuticals,Biotech & Pharmaceuticals,138000,158000,148000,Masters,,,,
"Vice President, Biometrics and Clinical Data Management",Alector,South San Francisco,Company - Public,Biotech & Pharmaceuticals,Biotech & Pharmaceuticals,138000,158000,148000,Phd,,True,,
Enterprise Data Analyst (Enterprise Portfolio Management Office),Navy Federal Credit Union,Merrifield,Other Organization,Banks & Credit Unions,Finance,138000,158000,148000,Bachelors,,,True,
Senior Scientist - Toxicologist - Product Integrity (Stewardship),Reynolds American,Winston-Salem,Company - Private,Consumer Products Manufacturing,Manufacturing,138000,158000,148000,Masters,,True,,True
Lead Data Scientist – Network Analysis and Control,MITRE,Bedford,Nonprofit Organization,Federal Agencies,Government,138000,158000,148000,Bachelors,True,True,,
Senior Machine Learning Engineer,LifeOmic,Raleigh,Company - Private,Enterprise Software & Network Solutions,Information Technology,138000,158000,148000,,,,,
"Sr. Research Associate/ Scientist, NGS prep & Molecular Genomics","Homology Medicines, Inc.",New Bedford,Company - Public,-1,-1,138000,158000,148000,Bachelors,,,,
Data Engineer,Spectrum Communications and Consulting,Chicago,Company - Private,Advertising & Marketing,Business Services,138000,158000,148000,Bachelors,True,,True,True
Developer III - Data Science,Inland Empire Health Plan,Rancho Cucamonga,Company - Public,Health Care Services & Hospitals,Health Care,138000,158000,148000,Bachelors,,,True,
Senior Data Engineer,Affinity Solutions,New York,Company - Private,Advertising & Marketing,Business Services,138000,158000,148000,Masters,True,,True,
Hydrogen/Tritium Materials Scientist (Experienced),Sandia National Laboratories,Livermore,Government,Federal Agencies,Government,138000,158000,148000,Phd,,True,,
Data Engineer,Maxar Technologies,McLean,Company - Public,Aerospace & Defense,Aerospace & Defense,138000,158000,148000,Bachelors,True,,,
Patient Safety- Associate Data Scientist,AstraZeneca,Gaithersburg,Company - Public,Biotech & Pharmaceuticals,Biotech & Pharmaceuticals,80000,132000,106000,,True,True,True,
Senior Data Scientist,Autodesk,San Francisco,Company - Public,Computer Hardware & Software,Information Technology,80000,132000,106000,Bachelors,True,True,True,
Data Scientist,USI,Southfield,Company - Private,Construction,"Construction, Repair & Maintenance",80000,132000,106000,Masters,True,,True,
Data Scientist,GSK,Collegeville,Company - Public,Biotech & Pharmaceuticals,Biotech & Pharmaceuticals,80000,132000,106000,Bachelors,True,True,True,
Data Scientist,CIA,Washington,Government,Federal Agencies,Government,80000,132000,106000,Bachelors,,,,
Data Scientist,Maven Wave Partners,Chicago,Company - Private,Consulting,Business Services,80000,132000,106000,Bachelors,True,True,True,True
Data Scientist,Ovative Group,Minneapolis,Company - Private,Advertising & Marketing,Business Services,80000,132000,106000,,True,True,,
Data Scientist,Kognetics,Gahanna,Company - Private,-1,-1,80000,132000,106000,Masters,True,True,True,
Data Scientist,Envision Healthcare,Nashville,Company - Private,Health Care Services & Hospitals,Health Care,80000,132000,106000,Bachelors,True,,True,True
Data Scientist,"Pragmatics, Inc.",United States,Company - Private,IT Services,Information Technology,80000,132000,106000,Bachelors,True,True,,True
Data Scientist,ConsumerTrack,California,Company - Private,Internet,Information Technology,80000,132000,106000,Masters,True,True,,
Decision Scientist,Johns Hopkins University Applied Physics Laboratory,Laurel,Nonprofit Organization,Aerospace & Defense,Aerospace & Defense,80000,132000,106000,Bachelors,,,,
Data Scientist - TS/SCI FSP or CI Required,Phoenix Operations Group,Annapolis Junction,Company - Private,IT Services,Information Technology,80000,132000,106000,Bachelors,True,True,,
Data Scientist,Crossover Health,San Clemente,Company - Private,Health Care Services & Hospitals,Health Care,80000,132000,106000,Bachelors,True,True,,
Data Scientist,Lorven Technologies Inc,New York,Company - Private,Accounting,Accounting & Legal,80000,132000,106000,,True,,True,
Data Scientist,Meridian Knowledge Solutions,Washington,Subsidiary or Business Segment,Enterprise Software & Network Solutions,Information Technology,80000,132000,106000,,,,,
Data Scientist,UST Global,Atlanta,Company - Private,IT Services,Information Technology,80000,132000,106000,,True,,,
Data Scientist,IMG Systems,Plano,Company - Private,Consulting,Business Services,80000,132000,106000,Bachelors,True,,,
Data Scientist,Trident Systems Inc,Fairfax,Company - Private,Aerospace & Defense,Aerospace & Defense,80000,132000,106000,Bachelors,,,,
Data Scientist,"Tygart Technology, Inc",Washington,Company - Private,-1,-1,80000,132000,106000,Bachelors,True,True,True,
(Sr.) Data Scientist -,Merrick Bank,Utah,Company - Private,Banks & Credit Unions,Finance,87000,141000,114000,Bachelors,True,True,True,True
Senior Data Scientist,ManTech,Alexandria,Company - Public,Research & Development,Business Services,87000,141000,114000,Bachelors,True,True,True,
Data Scientist,"GrainBridge, LLC",Omaha,-1,-1,-1,87000,141000,114000,Masters,True,,True,
Data Scientist,First Health Group,Wellesley,Company - Private,Insurance Carriers,Insurance,87000,141000,114000,,,,,
Data Scientist,Sprezzatura Management Consulting,Washington,Company - Private,-1,-1,87000,141000,114000,Bachelors,,,,
Data Scientist,"Progress Rail, A Caterpillar Company",Fort Worth,Subsidiary or Business Segment,Rail,Transportation & Logistics,87000,141000,114000,Bachelors,True,,True,True
Data Scientist,UST Global,Atlanta,Company - Private,IT Services,Information Technology,87000,141000,114000,,True,,,
Data Scientist,Axiologic Solutions,Alexandria,Company - Private,Aerospace & Defense,Aerospace & Defense,87000,141000,114000,Bachelors,,,,
Data Scientist,Indigo Slate,Bellevue,Company - Private,Consulting,Business Services,87000,141000,114000,,True,,,
Data Scientist,Cubic,United States,Company - Public,Aerospace & Defense,Aerospace & Defense,87000,141000,114000,Masters,True,True,True,
Data Scientist,Advanced Bio-Logic Solutions Corp,Thousand Oaks,Company - Private,-1,-1,87000,141000,114000,Bachelors,True,,True,
Data Engineer,Alignment Healthcare,Orange,Company - Private,Health Care Services & Hospitals,Health Care,87000,141000,114000,Bachelors,,True,True,
Data Scientist,WGSN,Baltimore,Company - Private,Consulting,Business Services,87000,141000,114000,Masters,True,True,True,
Data Scientist,"ISYS Technologies, Inc.",Herndon,Company - Private,Computer Hardware & Software,Information Technology,87000,141000,114000,,True,True,True,True
Data Scientist,TransVoyant,Alexandria,Company - Private,Enterprise Software & Network Solutions,Information Technology,87000,141000,114000,Bachelors,,,,
Data Scientist/Data Analytics Practitioner,Noblis,Bridgeport,Nonprofit Organization,Consulting,Business Services,87000,141000,114000,Bachelors,True,,,
Data Scientist,Murray Resources,The Woodlands,Company - Private,Staffing & Outsourcing,Business Services,87000,141000,114000,Bachelors,True,True,True,True
Data Scientist,Geotab,Oakville,Company - Private,Computer Hardware & Software,Information Technology,87000,141000,114000,,True,,True,
Data Scientist,CRS Group,Chicago,Company - Private,Staffing & Outsourcing,Business Services,87000,141000,114000,Bachelors,,,,
Data Scientist,EGlobalTech,Arlington,Company - Private,IT Services,Information Technology,87000,141000,114000,Bachelors,True,,,True
"Data Scientist, Kinship - NYC/Portland",Mars,New York,Company - Private,Food & Beverage Manufacturing,Manufacturing,92000,155000,123500,Bachelors,True,,,
Data Scientist,Avlino,New Jersey,Company - Private,Enterprise Software & Network Solutions,Information Technology,92000,155000,123500,Masters,True,True,,True
Data Scientist,"Central Business Solutions, Inc",Seattle,Company - Private,Consulting,Business Services,92000,155000,123500,Phd,True,,True,
Data Scientist,KeHE Distributors,Naperville,Company - Private,Wholesale,Business Services,92000,155000,123500,Bachelors,True,True,True,
Data Scientist,Blackstone Talent Group,San Francisco,Company - Private,Consulting,Business Services,92000,155000,123500,Bachelors,True,,,
Data Scientist - TS/SCI Required,Phoenix Operations Group,Baltimore,Company - Private,IT Services,Information Technology,92000,155000,123500,Bachelors,True,,,
Data Scientist,Sophinea,Chantilly,Unknown,-1,-1,92000,155000,123500,Bachelors,,,True,
Senior Data Scientist,Maxar Technologies,Herndon,Company - Public,Aerospace & Defense,Aerospace & Defense,92000,155000,123500,Bachelors,True,True,True,True
Data Scientist,Moxie Software,Bellevue,Company - Private,Enterprise Software & Network Solutions,Information Technology,92000,155000,123500,Masters,True,,,
Data Scientist(s)/Machine Learning Engineer,Blue Horizon Tek Solutions,New York,Company - Private,Staffing & Outsourcing,Business Services,92000,155000,123500,Bachelors,True,,,
Data Scientist,Unicom Technologies INC,Chicago,Company - Private,IT Services,Information Technology,92000,155000,123500,,True,True,True,
Data Engineer,Americo Life,Kansas City,Company - Private,Insurance Carriers,Insurance,92000,155000,123500,Bachelors,True,,True,
Data Scientist,Tokio Marine HCC,Houston,Company - Private,Insurance Carriers,Insurance,92000,155000,123500,Masters,True,True,,
Data Scientist,CACI International,Chantilly,Company - Public,Aerospace & Defense,Aerospace & Defense,92000,155000,123500,Bachelors,,,,
"AI/ML - Machine Learning Scientist, Siri Understanding",Apple,Santa Clara,Company - Public,Computer Hardware & Software,Information Technology,92000,155000,123500,Bachelors,True,,,True
Data Scientist,Maxar Technologies,Herndon,Company - Public,Aerospace & Defense,Aerospace & Defense,92000,155000,123500,Bachelors,True,True,True,True
ENGINEER - COMPUTER SCIENTIST - RESEARCH COMPUTER SCIENTIST - SIGNAL PROCESSING - SAN ANTONIO OR,Southwest Research Institute,Oklahoma City,Nonprofit Organization,Research & Development,Business Services,92000,155000,123500,Bachelors,True,,,True
Data Scientist,Compass Consulting Group,Thousand Oaks,Company - Private,Consulting,Business Services,92000,155000,123500,Bachelors,True,,True,
Data Science Software Engineer,Klaviyo,Boston,Company - Private,Computer Hardware & Software,Information Technology,92000,155000,123500,Bachelors,True,,,
"Scientist / Group Lead, Cancer Biology",Monte Rosa Therapeutics,Cambridge,-1,-1,-1,92000,155000,123500,Masters,,,,
AI Ops Data Scientist,AstraZeneca,Gaithersburg,Company - Public,Biotech & Pharmaceuticals,Biotech & Pharmaceuticals,92000,155000,123500,Phd,True,True,True,
Senior Data Scientist,GutCheck,Denver,Company - Private,Advertising & Marketing,Business Services,105000,167000,136000,,,,,
Sr. ML/Data Scientist - AI/NLP/Chatbot,Juniper Networks,Cupertino,Company - Public,Telecommunications Services,Telecommunications,105000,167000,136000,Masters,True,,,
Data Scientist,Hexagon US Federal,Lexington Park,Company - Public,Aerospace & Defense,Aerospace & Defense,105000,167000,136000,Bachelors,,,,
Data Scientist,Comtech Global Inc,Washington,Company - Private,"Health, Beauty, & Fitness",Consumer Services,105000,167000,136000,Bachelors,True,True,True,
Data Scientist,Berico Technologies,Fort Belvoir,-1,-1,-1,105000,167000,136000,,,,,
Data Scientist,Kehe Food Distributors,Naperville,-1,-1,-1,105000,167000,136000,Bachelors,True,True,True,
Data Scientist,"Aveshka, Inc.",Washington,Company - Public,IT Services,Information Technology,105000,167000,136000,Bachelors,True,True,True,
Data Scientist,Perspecta,Adelphi,Company - Public,Aerospace & Defense,Aerospace & Defense,105000,167000,136000,Bachelors,True,,,True
Data Scientist,Pactera Edge,Redmond,-1,-1,-1,105000,167000,136000,Phd,True,,True,
Data Scientist,Qurate Retail Group,West Chester,Company - Public,Other Retail Stores,Retail,105000,167000,136000,Masters,True,True,True,
Data Scientist,"SolutionIT, Inc.",Edison,Company - Private,-1,-1,105000,167000,136000,Bachelors,,,,
Data Scientist,A-Line Staffing Solutions,Durham,Company - Private,Staffing & Outsourcing,Business Services,105000,167000,136000,Masters,True,True,True,
Data Scientist,Clear Ridge Defense,Quantico,Company - Private,-1,-1,105000,167000,136000,Bachelors,True,,,
Data Scientist,"Criterion Systems, Inc.",Vienna,Company - Private,IT Services,Information Technology,105000,167000,136000,,True,,True,
Data Scientist,Foundation Medicine,Boston,Company - Public,Biotech & Pharmaceuticals,Biotech & Pharmaceuticals,105000,167000,136000,Masters,True,True,True,
Data Scientist,TRANZACT,Fort Lee,Company - Private,Advertising & Marketing,Business Services,105000,167000,136000,Bachelors,True,,True,
Data Scientist,JKGT,San Francisco,-1,-1,-1,105000,167000,136000,,,,,
Data Scientist,AccessHope,Irwindale,-1,-1,-1,105000,167000,136000,,True,True,True,True
Data Scientist,ChaTeck Incorporated,San Francisco,Company - Private,Advertising & Marketing,Business Services,105000,167000,136000,Bachelors,True,True,,
Data Scientist,1-800-Flowers,New York,Company - Public,Wholesale,Business Services,105000,167000,136000,Bachelors,True,,True,
